clip_name,audio_path,true_label
Audio_Moth_3_20250319_103555.wav,/Users/qian/KWF/Segmented_Foldered/Audio Moth 3/0_4999/Audio_Moth_3_20250319_103555.wav,not_meaningful
Audio_Moth_3_20250320_041005.wav,/Users/qian/KWF/Segmented_Foldered/Audio Moth 3/20000_24999/Audio_Moth_3_20250320_041005.wav,not_meaningful
Audio_Moth_3_20250320_083213.wav,/Users/qian/KWF/Segmented_Foldered/Audio Moth 3/25000_29999/Audio_Moth_3_20250320_083213.wav,not_meaningful
Audio_Moth_6_20250317_171302.wav,/Users/qian/KWF/Segmented_Foldered/Audio Moth 6/5000_9999/Audio_Moth_6_20250317_171302.wav,not_meaningful
Audio_Moth_3_20250319_091425.wav,/Users/qian/KWF/Segmented_Foldered/Audio Moth 3/0_4999/Audio_Moth_3_20250319_091425.wav,not_meaningful
Audio_Moth_3_20250321_034135.wav,/Users/qian/KWF/Segmented_Foldered/Audio Moth 3/50000_54999/Audio_Moth_3_20250321_034135.wav,not_meaningful
Audio_Moth_2_20250317_172824.wav,/Users/qian/KWF/Segmented_Foldered/Audio Moth 2/5000_9999/Audio_Moth_2_20250317_172824.wav,not_meaningful
Audio_Moth_3_20250320_104207.wav,/Users/qian/KWF/Segmented_Foldered/Audio Moth 3/30000_34999/Audio_Moth_3_20250320_104207.wav,not_meaningful
Audio_Moth_2_20250319_002056.wav,/Users/qian/KWF/Segmented_Foldered/Audio Moth 2/45000_49999/Audio_Moth_2_20250319_002056.wav,meaningful
Audio_Moth_3_20250320_050408.wav,/Users/qian/KWF/Segmented_Foldered/Audio Moth 3/25000_29999/Audio_Moth_3_20250320_050408.wav,not_meaningful
Audio_Moth_3_20250320_023859.wav,/Users/qian/KWF/Segmented_Foldered/Audio Moth 3/20000_24999/Audio_Moth_3_20250320_023859.wav,not_meaningful
Audio_Moth_3_20250320_084849.wav,/Users/qian/KWF/Segmented_Foldered/Audio Moth 3/25000_29999/Audio_Moth_3_20250320_084849.wav,not_meaningful
Audio_Moth_3_20250320_045247.wav,/Users/qian/KWF/Segmented_Foldered/Audio Moth 3/25000_29999/Audio_Moth_3_20250320_045247.wav,not_meaningful
Audio_Moth_1_20250320_064800.wav,/Users/qian/KWF/Segmented_Foldered/Audio Moth 1/80000_84999/Audio_Moth_1_20250320_064800.wav,meaningful
Audio_Moth_1_20250318_044942.wav,/Users/qian/KWF/Segmented_Foldered/Audio Moth 1/20000_24999/Audio_Moth_1_20250318_044942.wav,meaningful
Audio_Moth_6_20250319_163732.wav,/Users/qian/KWF/Segmented_Foldered/Audio Moth 6/60000_64999/Audio_Moth_6_20250319_163732.wav,meaningful
Audio_Moth_3_20250320_111625.wav,/Users/qian/KWF/Segmented_Foldered/Audio Moth 3/30000_34999/Audio_Moth_3_20250320_111625.wav,not_meaningful
Audio_Moth_1_20250318_225054.wav,/Users/qian/KWF/Segmented_Foldered/Audio Moth 1/40000_44999/Audio_Moth_1_20250318_225054.wav,meaningful
Audio_Moth_2_20250317_173203.wav,/Users/qian/KWF/Segmented_Foldered/Audio Moth 2/5000_9999/Audio_Moth_2_20250317_173203.wav,not_meaningful
Audio_Moth_3_20250319_093719.wav,/Users/qian/KWF/Segmented_Foldered/Audio Moth 3/0_4999/Audio_Moth_3_20250319_093719.wav,not_meaningful
Audio_Moth_3_20250319_105055.wav,/Users/qian/KWF/Segmented_Foldered/Audio Moth 3/0_4999/Audio_Moth_3_20250319_105055.wav,not_meaningful
Audio_Moth_3_20250320_041544.wav,/Users/qian/KWF/Segmented_Foldered/Audio Moth 3/20000_24999/Audio_Moth_3_20250320_041544.wav,not_meaningful
Audio_Moth_3_20250319_101140.wav,/Users/qian/KWF/Segmented_Foldered/Audio Moth 3/0_4999/Audio_Moth_3_20250319_101140.wav,not_meaningful
Audio_Moth_3_20250320_051502.wav,/Users/qian/KWF/Segmented_Foldered/Audio Moth 3/25000_29999/Audio_Moth_3_20250320_051502.wav,not_meaningful
Audio_Moth_3_20250320_014320.wav,/Users/qian/KWF/Segmented_Foldered/Audio Moth 3/20000_24999/Audio_Moth_3_20250320_014320.wav,not_meaningful
Audio_Moth_3_20250320_010905.wav,/Users/qian/KWF/Segmented_Foldered/Audio Moth 3/20000_24999/Audio_Moth_3_20250320_010905.wav,not_meaningful
Audio_Moth_3_20250319_122904.wav,/Users/qian/KWF/Segmented_Foldered/Audio Moth 3/5000_9999/Audio_Moth_3_20250319_122904.wav,not_meaningful
Audio_Moth_6_20250318_080116.wav,/Users/qian/KWF/Segmented_Foldered/Audio Moth 6/20000_24999/Audio_Moth_6_20250318_080116.wav,meaningful
Audio_Moth_2_20250320_074247.wav,/Users/qian/KWF/Segmented_Foldered/Audio Moth 2/80000_84999/Audio_Moth_2_20250320_074247.wav,meaningful
Audio_Moth_5_20250319_142247.wav,/Users/qian/KWF/Segmented_Foldered/Audio Moth 5/60000_64999/Audio_Moth_5_20250319_142247.wav,meaningful
Audio_Moth_3_20250320_012917.wav,/Users/qian/KWF/Segmented_Foldered/Audio Moth 3/20000_24999/Audio_Moth_3_20250320_012917.wav,not_meaningful
Audio_Moth_3_20250320_095122.wav,/Users/qian/KWF/Segmented_Foldered/Audio Moth 3/30000_34999/Audio_Moth_3_20250320_095122.wav,not_meaningful
Audio_Moth_1_20250317_174333.wav,/Users/qian/KWF/Segmented_Foldered/Audio Moth 1/5000_9999/Audio_Moth_1_20250317_174333.wav,not_meaningful
Audio_Moth_3_20250321_033744.wav,/Users/qian/KWF/Segmented_Foldered/Audio Moth 3/50000_54999/Audio_Moth_3_20250321_033744.wav,not_meaningful
Audio_Moth_3_20250320_130819.wav,/Users/qian/KWF/Segmented_Foldered/Audio Moth 3/30000_34999/Audio_Moth_3_20250320_130819.wav,not_meaningful
Audio_Moth_2_20250317_173036.wav,/Users/qian/KWF/Segmented_Foldered/Audio Moth 2/5000_9999/Audio_Moth_2_20250317_173036.wav,not_meaningful
Audio_Moth_3_20250320_010426.wav,/Users/qian/KWF/Segmented_Foldered/Audio Moth 3/20000_24999/Audio_Moth_3_20250320_010426.wav,not_meaningful
Audio_Moth_3_20250320_112043.wav,/Users/qian/KWF/Segmented_Foldered/Audio Moth 3/30000_34999/Audio_Moth_3_20250320_112043.wav,not_meaningful
Audio_Moth_4_20250320_163837.wav,/Users/qian/KWF/Segmented_Foldered/Audio Moth 4/90000_94999/Audio_Moth_4_20250320_163837.wav,meaningful
Audio_Moth_6_20250320_095523.wav,/Users/qian/KWF/Segmented_Foldered/Audio Moth 6/80000_84999/Audio_Moth_6_20250320_095523.wav,not_meaningful
Audio_Moth_3_20250320_041002.wav,/Users/qian/KWF/Segmented_Foldered/Audio Moth 3/20000_24999/Audio_Moth_3_20250320_041002.wav,not_meaningful
Audio_Moth_3_20250320_100852.wav,/Users/qian/KWF/Segmented_Foldered/Audio Moth 3/30000_34999/Audio_Moth_3_20250320_100852.wav,not_meaningful
Audio_Moth_2_20250317_171200.wav,/Users/qian/KWF/Segmented_Foldered/Audio Moth 2/5000_9999/Audio_Moth_2_20250317_171200.wav,not_meaningful
Audio_Moth_1_20250319_050033.wav,/Users/qian/KWF/Segmented_Foldered/Audio Moth 1/50000_54999/Audio_Moth_1_20250319_050033.wav,meaningful
Audio_Moth_3_20250320_051056.wav,/Users/qian/KWF/Segmented_Foldered/Audio Moth 3/25000_29999/Audio_Moth_3_20250320_051056.wav,not_meaningful
Audio_Moth_3_20250320_011150.wav,/Users/qian/KWF/Segmented_Foldered/Audio Moth 3/20000_24999/Audio_Moth_3_20250320_011150.wav,not_meaningful
Audio_Moth_5_20250319_212420.wav,/Users/qian/KWF/Segmented_Foldered/Audio Moth 5/65000_69999/Audio_Moth_5_20250319_212420.wav,meaningful
Audio_Moth_3_20250320_015220.wav,/Users/qian/KWF/Segmented_Foldered/Audio Moth 3/20000_24999/Audio_Moth_3_20250320_015220.wav,not_meaningful
Audio_Moth_3_20250320_024438.wav,/Users/qian/KWF/Segmented_Foldered/Audio Moth 3/20000_24999/Audio_Moth_3_20250320_024438.wav,not_meaningful
Audio_Moth_2_20250320_065708.wav,/Users/qian/KWF/Segmented_Foldered/Audio Moth 2/80000_84999/Audio_Moth_2_20250320_065708.wav,meaningful
Audio_Moth_3_20250320_042835.wav,/Users/qian/KWF/Segmented_Foldered/Audio Moth 3/20000_24999/Audio_Moth_3_20250320_042835.wav,not_meaningful
Audio_Moth_2_20250320_094908.wav,/Users/qian/KWF/Segmented_Foldered/Audio Moth 2/85000_89999/Audio_Moth_2_20250320_094908.wav,meaningful
Audio_Moth_3_20250320_100858.wav,/Users/qian/KWF/Segmented_Foldered/Audio Moth 3/30000_34999/Audio_Moth_3_20250320_100858.wav,not_meaningful
Audio_Moth_3_20250320_040823.wav,/Users/qian/KWF/Segmented_Foldered/Audio Moth 3/20000_24999/Audio_Moth_3_20250320_040823.wav,not_meaningful
Audio_Moth_3_20250320_044532.wav,/Users/qian/KWF/Segmented_Foldered/Audio Moth 3/20000_24999/Audio_Moth_3_20250320_044532.wav,not_meaningful
Audio_Moth_3_20250320_100907.wav,/Users/qian/KWF/Segmented_Foldered/Audio Moth 3/30000_34999/Audio_Moth_3_20250320_100907.wav,not_meaningful
Audio_Moth_1_20250317_170306.wav,/Users/qian/KWF/Segmented_Foldered/Audio Moth 1/5000_9999/Audio_Moth_1_20250317_170306.wav,not_meaningful
Audio_Moth_3_20250320_030323.wav,/Users/qian/KWF/Segmented_Foldered/Audio Moth 3/20000_24999/Audio_Moth_3_20250320_030323.wav,not_meaningful
Audio_Moth_3_20250321_044147.wav,/Users/qian/KWF/Segmented_Foldered/Audio Moth 3/50000_54999/Audio_Moth_3_20250321_044147.wav,not_meaningful
Audio_Moth_2_20250317_173606.wav,/Users/qian/KWF/Segmented_Foldered/Audio Moth 2/5000_9999/Audio_Moth_2_20250317_173606.wav,not_meaningful
Audio_Moth_3_20250320_040017.wav,/Users/qian/KWF/Segmented_Foldered/Audio Moth 3/20000_24999/Audio_Moth_3_20250320_040017.wav,not_meaningful
Audio_Moth_3_20250320_051229.wav,/Users/qian/KWF/Segmented_Foldered/Audio Moth 3/25000_29999/Audio_Moth_3_20250320_051229.wav,not_meaningful
Audio_Moth_2_20250317_170739.wav,/Users/qian/KWF/Segmented_Foldered/Audio Moth 2/5000_9999/Audio_Moth_2_20250317_170739.wav,not_meaningful
Audio_Moth_3_20250321_041141.wav,/Users/qian/KWF/Segmented_Foldered/Audio Moth 3/50000_54999/Audio_Moth_3_20250321_041141.wav,not_meaningful
Audio_Moth_3_20250321_041447.wav,/Users/qian/KWF/Segmented_Foldered/Audio Moth 3/50000_54999/Audio_Moth_3_20250321_041447.wav,not_meaningful
Audio_Moth_3_20250320_043305.wav,/Users/qian/KWF/Segmented_Foldered/Audio Moth 3/20000_24999/Audio_Moth_3_20250320_043305.wav,not_meaningful
Audio_Moth_2_20250317_165212.wav,/Users/qian/KWF/Segmented_Foldered/Audio Moth 2/5000_9999/Audio_Moth_2_20250317_165212.wav,not_meaningful
Audio_Moth_6_20250318_160501.wav,/Users/qian/KWF/Segmented_Foldered/Audio Moth 6/30000_34999/Audio_Moth_6_20250318_160501.wav,meaningful
Audio_Moth_1_20250317_173557.wav,/Users/qian/KWF/Segmented_Foldered/Audio Moth 1/5000_9999/Audio_Moth_1_20250317_173557.wav,not_meaningful
Audio_Moth_3_20250320_042126.wav,/Users/qian/KWF/Segmented_Foldered/Audio Moth 3/20000_24999/Audio_Moth_3_20250320_042126.wav,not_meaningful
Audio_Moth_3_20250320_045223.wav,/Users/qian/KWF/Segmented_Foldered/Audio Moth 3/25000_29999/Audio_Moth_3_20250320_045223.wav,not_meaningful
Audio_Moth_3_20250319_095246.wav,/Users/qian/KWF/Segmented_Foldered/Audio Moth 3/0_4999/Audio_Moth_3_20250319_095246.wav,not_meaningful
Audio_Moth_3_20250320_083046.wav,/Users/qian/KWF/Segmented_Foldered/Audio Moth 3/25000_29999/Audio_Moth_3_20250320_083046.wav,not_meaningful
Audio_Moth_3_20250320_022502.wav,/Users/qian/KWF/Segmented_Foldered/Audio Moth 3/20000_24999/Audio_Moth_3_20250320_022502.wav,not_meaningful
Audio_Moth_1_20250317_165142.wav,/Users/qian/KWF/Segmented_Foldered/Audio Moth 1/5000_9999/Audio_Moth_1_20250317_165142.wav,not_meaningful
Audio_Moth_3_20250320_023732.wav,/Users/qian/KWF/Segmented_Foldered/Audio Moth 3/20000_24999/Audio_Moth_3_20250320_023732.wav,not_meaningful
Audio_Moth_3_20250320_102949.wav,/Users/qian/KWF/Segmented_Foldered/Audio Moth 3/30000_34999/Audio_Moth_3_20250320_102949.wav,not_meaningful
Audio_Moth_3_20250321_033347.wav,/Users/qian/KWF/Segmented_Foldered/Audio Moth 3/50000_54999/Audio_Moth_3_20250321_033347.wav,not_meaningful
Audio_Moth_3_20250320_015602.wav,/Users/qian/KWF/Segmented_Foldered/Audio Moth 3/20000_24999/Audio_Moth_3_20250320_015602.wav,not_meaningful
Audio_Moth_3_20250320_043111.wav,/Users/qian/KWF/Segmented_Foldered/Audio Moth 3/20000_24999/Audio_Moth_3_20250320_043111.wav,not_meaningful
Audio_Moth_3_20250319_123258.wav,/Users/qian/KWF/Segmented_Foldered/Audio Moth 3/5000_9999/Audio_Moth_3_20250319_123258.wav,not_meaningful
Audio_Moth_1_20250317_171718.wav,/Users/qian/KWF/Segmented_Foldered/Audio Moth 1/5000_9999/Audio_Moth_1_20250317_171718.wav,not_meaningful
Audio_Moth_3_20250320_032320.wav,/Users/qian/KWF/Segmented_Foldered/Audio Moth 3/20000_24999/Audio_Moth_3_20250320_032320.wav,not_meaningful
Audio_Moth_3_20250319_123907.wav,/Users/qian/KWF/Segmented_Foldered/Audio Moth 3/5000_9999/Audio_Moth_3_20250319_123907.wav,not_meaningful
Audio_Moth_1_20250317_170815.wav,/Users/qian/KWF/Segmented_Foldered/Audio Moth 1/5000_9999/Audio_Moth_1_20250317_170815.wav,not_meaningful
Audio_Moth_2_20250317_164854.wav,/Users/qian/KWF/Segmented_Foldered/Audio Moth 2/5000_9999/Audio_Moth_2_20250317_164854.wav,not_meaningful
Audio_Moth_1_20250319_015609.wav,/Users/qian/KWF/Segmented_Foldered/Audio Moth 1/45000_49999/Audio_Moth_1_20250319_015609.wav,meaningful
Audio_Moth_6_20250319_114013.wav,/Users/qian/KWF/Segmented_Foldered/Audio Moth 6/55000_59999/Audio_Moth_6_20250319_114013.wav,not_meaningful
Audio_Moth_4_20250317_164921.wav,/Users/qian/KWF/Segmented_Foldered/Audio Moth 4/5000_9999/Audio_Moth_4_20250317_164921.wav,not_meaningful
Audio_Moth_5_20250317_170639.wav,/Users/qian/KWF/Segmented_Foldered/Audio Moth 5/5000_9999/Audio_Moth_5_20250317_170639.wav,not_meaningful
Audio_Moth_3_20250320_014259.wav,/Users/qian/KWF/Segmented_Foldered/Audio Moth 3/20000_24999/Audio_Moth_3_20250320_014259.wav,not_meaningful
Audio_Moth_3_20250319_095331.wav,/Users/qian/KWF/Segmented_Foldered/Audio Moth 3/0_4999/Audio_Moth_3_20250319_095331.wav,not_meaningful
Audio_Moth_3_20250320_022032.wav,/Users/qian/KWF/Segmented_Foldered/Audio Moth 3/20000_24999/Audio_Moth_3_20250320_022032.wav,not_meaningful
Audio_Moth_3_20250320_091731.wav,/Users/qian/KWF/Segmented_Foldered/Audio Moth 3/30000_34999/Audio_Moth_3_20250320_091731.wav,not_meaningful
Audio_Moth_3_20250321_040926.wav,/Users/qian/KWF/Segmented_Foldered/Audio Moth 3/50000_54999/Audio_Moth_3_20250321_040926.wav,not_meaningful
Audio_Moth_3_20250320_094031.wav,/Users/qian/KWF/Segmented_Foldered/Audio Moth 3/30000_34999/Audio_Moth_3_20250320_094031.wav,not_meaningful
Audio_Moth_3_20250319_081052.wav,/Users/qian/KWF/Segmented_Foldered/Audio Moth 3/0_4999/Audio_Moth_3_20250319_081052.wav,not_meaningful
Audio_Moth_3_20250320_022950.wav,/Users/qian/KWF/Segmented_Foldered/Audio Moth 3/20000_24999/Audio_Moth_3_20250320_022950.wav,not_meaningful
Audio_Moth_1_20250317_170612.wav,/Users/qian/KWF/Segmented_Foldered/Audio Moth 1/5000_9999/Audio_Moth_1_20250317_170612.wav,not_meaningful
Audio_Moth_3_20250319_103701.wav,/Users/qian/KWF/Segmented_Foldered/Audio Moth 3/0_4999/Audio_Moth_3_20250319_103701.wav,not_meaningful
Audio_Moth_3_20250319_095404.wav,/Users/qian/KWF/Segmented_Foldered/Audio Moth 3/0_4999/Audio_Moth_3_20250319_095404.wav,not_meaningful
Audio_Moth_2_20250317_173509.wav,/Users/qian/KWF/Segmented_Foldered/Audio Moth 2/5000_9999/Audio_Moth_2_20250317_173509.wav,not_meaningful
Audio_Moth_2_20250319_210238.wav,/Users/qian/KWF/Segmented_Foldered/Audio Moth 2/70000_74999/Audio_Moth_2_20250319_210238.wav,meaningful
Audio_Moth_3_20250321_041835.wav,/Users/qian/KWF/Segmented_Foldered/Audio Moth 3/50000_54999/Audio_Moth_3_20250321_041835.wav,not_meaningful
Audio_Moth_5_20250317_113015.wav,/Users/qian/KWF/Segmented_Foldered/Audio Moth 5/0_4999/Audio_Moth_5_20250317_113015.wav,not_meaningful
Audio_Moth_6_20250320_095605.wav,/Users/qian/KWF/Segmented_Foldered/Audio Moth 6/80000_84999/Audio_Moth_6_20250320_095605.wav,not_meaningful
Audio_Moth_3_20250321_045344.wav,/Users/qian/KWF/Segmented_Foldered/Audio Moth 3/50000_54999/Audio_Moth_3_20250321_045344.wav,not_meaningful
Audio_Moth_1_20250319_022751.wav,/Users/qian/KWF/Segmented_Foldered/Audio Moth 1/45000_49999/Audio_Moth_1_20250319_022751.wav,meaningful
Audio_Moth_3_20250320_025814.wav,/Users/qian/KWF/Segmented_Foldered/Audio Moth 3/20000_24999/Audio_Moth_3_20250320_025814.wav,not_meaningful
Audio_Moth_5_20250318_062129.wav,/Users/qian/KWF/Segmented_Foldered/Audio Moth 5/20000_24999/Audio_Moth_5_20250318_062129.wav,meaningful
Audio_Moth_3_20250320_143013.wav,/Users/qian/KWF/Segmented_Foldered/Audio Moth 3/35000_39999/Audio_Moth_3_20250320_143013.wav,not_meaningful
Audio_Moth_3_20250320_083037.wav,/Users/qian/KWF/Segmented_Foldered/Audio Moth 3/25000_29999/Audio_Moth_3_20250320_083037.wav,not_meaningful
Audio_Moth_5_20250320_162035.wav,/Users/qian/KWF/Segmented_Foldered/Audio Moth 5/90000_94999/Audio_Moth_5_20250320_162035.wav,meaningful
Audio_Moth_3_20250320_021747.wav,/Users/qian/KWF/Segmented_Foldered/Audio Moth 3/20000_24999/Audio_Moth_3_20250320_021747.wav,not_meaningful
Audio_Moth_3_20250320_041641.wav,/Users/qian/KWF/Segmented_Foldered/Audio Moth 3/20000_24999/Audio_Moth_3_20250320_041641.wav,not_meaningful
Audio_Moth_3_20250320_004920.wav,/Users/qian/KWF/Segmented_Foldered/Audio Moth 3/20000_24999/Audio_Moth_3_20250320_004920.wav,not_meaningful
Audio_Moth_6_20250318_115649.wav,/Users/qian/KWF/Segmented_Foldered/Audio Moth 6/25000_29999/Audio_Moth_6_20250318_115649.wav,not_meaningful
Audio_Moth_5_20250318_103746.wav,/Users/qian/KWF/Segmented_Foldered/Audio Moth 5/25000_29999/Audio_Moth_5_20250318_103746.wav,meaningful
Audio_Moth_3_20250320_051032.wav,/Users/qian/KWF/Segmented_Foldered/Audio Moth 3/25000_29999/Audio_Moth_3_20250320_051032.wav,not_meaningful
Audio_Moth_2_20250317_172121.wav,/Users/qian/KWF/Segmented_Foldered/Audio Moth 2/5000_9999/Audio_Moth_2_20250317_172121.wav,not_meaningful
Audio_Moth_5_20250318_055217.wav,/Users/qian/KWF/Segmented_Foldered/Audio Moth 5/20000_24999/Audio_Moth_5_20250318_055217.wav,meaningful
Audio_Moth_1_20250317_170500.wav,/Users/qian/KWF/Segmented_Foldered/Audio Moth 1/5000_9999/Audio_Moth_1_20250317_170500.wav,not_meaningful
Audio_Moth_3_20250321_034450.wav,/Users/qian/KWF/Segmented_Foldered/Audio Moth 3/50000_54999/Audio_Moth_3_20250321_034450.wav,not_meaningful
Audio_Moth_3_20250320_042559.wav,/Users/qian/KWF/Segmented_Foldered/Audio Moth 3/20000_24999/Audio_Moth_3_20250320_042559.wav,not_meaningful
Audio_Moth_3_20250320_102113.wav,/Users/qian/KWF/Segmented_Foldered/Audio Moth 3/30000_34999/Audio_Moth_3_20250320_102113.wav,not_meaningful
Audio_Moth_2_20250317_172127.wav,/Users/qian/KWF/Segmented_Foldered/Audio Moth 2/5000_9999/Audio_Moth_2_20250317_172127.wav,not_meaningful
Audio_Moth_3_20250320_015659.wav,/Users/qian/KWF/Segmented_Foldered/Audio Moth 3/20000_24999/Audio_Moth_3_20250320_015659.wav,not_meaningful
Audio_Moth_3_20250321_034559.wav,/Users/qian/KWF/Segmented_Foldered/Audio Moth 3/50000_54999/Audio_Moth_3_20250321_034559.wav,not_meaningful
Audio_Moth_4_20250321_014724.wav,/Users/qian/KWF/Segmented_Foldered/Audio Moth 4/100000_104999/Audio_Moth_4_20250321_014724.wav,meaningful
Audio_Moth_5_20250320_112247.wav,/Users/qian/KWF/Segmented_Foldered/Audio Moth 5/85000_89999/Audio_Moth_5_20250320_112247.wav,not_meaningful
Audio_Moth_3_20250320_101955.wav,/Users/qian/KWF/Segmented_Foldered/Audio Moth 3/30000_34999/Audio_Moth_3_20250320_101955.wav,not_meaningful
Audio_Moth_1_20250318_013024.wav,/Users/qian/KWF/Segmented_Foldered/Audio Moth 1/15000_19999/Audio_Moth_1_20250318_013024.wav,meaningful
Audio_Moth_3_20250320_073307.wav,/Users/qian/KWF/Segmented_Foldered/Audio Moth 3/25000_29999/Audio_Moth_3_20250320_073307.wav,not_meaningful
Audio_Moth_6_20250318_180332.wav,/Users/qian/KWF/Segmented_Foldered/Audio Moth 6/35000_39999/Audio_Moth_6_20250318_180332.wav,meaningful
Audio_Moth_3_20250320_104740.wav,/Users/qian/KWF/Segmented_Foldered/Audio Moth 3/30000_34999/Audio_Moth_3_20250320_104740.wav,not_meaningful
Audio_Moth_3_20250319_082619.wav,/Users/qian/KWF/Segmented_Foldered/Audio Moth 3/0_4999/Audio_Moth_3_20250319_082619.wav,not_meaningful
Audio_Moth_1_20250317_172848.wav,/Users/qian/KWF/Segmented_Foldered/Audio Moth 1/5000_9999/Audio_Moth_1_20250317_172848.wav,not_meaningful
Audio_Moth_3_20250320_011638.wav,/Users/qian/KWF/Segmented_Foldered/Audio Moth 3/20000_24999/Audio_Moth_3_20250320_011638.wav,not_meaningful
Audio_Moth_3_20250320_011429.wav,/Users/qian/KWF/Segmented_Foldered/Audio Moth 3/20000_24999/Audio_Moth_3_20250320_011429.wav,not_meaningful
Audio_Moth_3_20250319_112749.wav,/Users/qian/KWF/Segmented_Foldered/Audio Moth 3/0_4999/Audio_Moth_3_20250319_112749.wav,not_meaningful
Audio_Moth_3_20250319_084655.wav,/Users/qian/KWF/Segmented_Foldered/Audio Moth 3/0_4999/Audio_Moth_3_20250319_084655.wav,not_meaningful
Audio_Moth_3_20250320_112437.wav,/Users/qian/KWF/Segmented_Foldered/Audio Moth 3/30000_34999/Audio_Moth_3_20250320_112437.wav,not_meaningful
Audio_Moth_3_20250320_095107.wav,/Users/qian/KWF/Segmented_Foldered/Audio Moth 3/30000_34999/Audio_Moth_3_20250320_095107.wav,not_meaningful
Audio_Moth_3_20250319_084749.wav,/Users/qian/KWF/Segmented_Foldered/Audio Moth 3/0_4999/Audio_Moth_3_20250319_084749.wav,not_meaningful
Audio_Moth_5_20250321_053651.wav,/Users/qian/KWF/Segmented_Foldered/Audio Moth 5/105000_109999/Audio_Moth_5_20250321_053651.wav,meaningful
Audio_Moth_1_20250318_001530.wav,/Users/qian/KWF/Segmented_Foldered/Audio Moth 1/15000_19999/Audio_Moth_1_20250318_001530.wav,meaningful
Audio_Moth_3_20250319_095940.wav,/Users/qian/KWF/Segmented_Foldered/Audio Moth 3/0_4999/Audio_Moth_3_20250319_095940.wav,not_meaningful
Audio_Moth_6_20250317_172541.wav,/Users/qian/KWF/Segmented_Foldered/Audio Moth 6/5000_9999/Audio_Moth_6_20250317_172541.wav,not_meaningful
Audio_Moth_3_20250320_035817.wav,/Users/qian/KWF/Segmented_Foldered/Audio Moth 3/20000_24999/Audio_Moth_3_20250320_035817.wav,not_meaningful
Audio_Moth_1_20250317_171315.wav,/Users/qian/KWF/Segmented_Foldered/Audio Moth 1/5000_9999/Audio_Moth_1_20250317_171315.wav,not_meaningful
Audio_Moth_3_20250320_033602.wav,/Users/qian/KWF/Segmented_Foldered/Audio Moth 3/20000_24999/Audio_Moth_3_20250320_033602.wav,not_meaningful
Audio_Moth_3_20250320_082131.wav,/Users/qian/KWF/Segmented_Foldered/Audio Moth 3/25000_29999/Audio_Moth_3_20250320_082131.wav,not_meaningful
Audio_Moth_4_20250318_202533.wav,/Users/qian/KWF/Segmented_Foldered/Audio Moth 4/35000_39999/Audio_Moth_4_20250318_202533.wav,meaningful
Audio_Moth_3_20250320_050532.wav,/Users/qian/KWF/Segmented_Foldered/Audio Moth 3/25000_29999/Audio_Moth_3_20250320_050532.wav,not_meaningful
Audio_Moth_1_20250317_142230.wav,/Users/qian/KWF/Segmented_Foldered/Audio Moth 1/5000_9999/Audio_Moth_1_20250317_142230.wav,meaningful
Audio_Moth_3_20250320_104019.wav,/Users/qian/KWF/Segmented_Foldered/Audio Moth 3/30000_34999/Audio_Moth_3_20250320_104019.wav,not_meaningful
Audio_Moth_3_20250319_102010.wav,/Users/qian/KWF/Segmented_Foldered/Audio Moth 3/0_4999/Audio_Moth_3_20250319_102010.wav,not_meaningful
Audio_Moth_2_20250317_171054.wav,/Users/qian/KWF/Segmented_Foldered/Audio Moth 2/5000_9999/Audio_Moth_2_20250317_171054.wav,not_meaningful
Audio_Moth_3_20250320_050508.wav,/Users/qian/KWF/Segmented_Foldered/Audio Moth 3/25000_29999/Audio_Moth_3_20250320_050508.wav,not_meaningful
Audio_Moth_1_20250318_112954.wav,/Users/qian/KWF/Segmented_Foldered/Audio Moth 1/30000_34999/Audio_Moth_1_20250318_112954.wav,meaningful
Audio_Moth_3_20250320_015547.wav,/Users/qian/KWF/Segmented_Foldered/Audio Moth 3/20000_24999/Audio_Moth_3_20250320_015547.wav,not_meaningful
Audio_Moth_6_20250319_104325.wav,/Users/qian/KWF/Segmented_Foldered/Audio Moth 6/55000_59999/Audio_Moth_6_20250319_104325.wav,not_meaningful
Audio_Moth_3_20250320_100428.wav,/Users/qian/KWF/Segmented_Foldered/Audio Moth 3/30000_34999/Audio_Moth_3_20250320_100428.wav,not_meaningful
Audio_Moth_3_20250320_010656.wav,/Users/qian/KWF/Segmented_Foldered/Audio Moth 3/20000_24999/Audio_Moth_3_20250320_010656.wav,not_meaningful
Audio_Moth_1_20250320_222112.wav,/Users/qian/KWF/Segmented_Foldered/Audio Moth 1/100000_104999/Audio_Moth_1_20250320_222112.wav,meaningful
Audio_Moth_3_20250321_035702.wav,/Users/qian/KWF/Segmented_Foldered/Audio Moth 3/50000_54999/Audio_Moth_3_20250321_035702.wav,not_meaningful
Audio_Moth_3_20250320_013620.wav,/Users/qian/KWF/Segmented_Foldered/Audio Moth 3/20000_24999/Audio_Moth_3_20250320_013620.wav,not_meaningful
Audio_Moth_1_20250317_172154.wav,/Users/qian/KWF/Segmented_Foldered/Audio Moth 1/5000_9999/Audio_Moth_1_20250317_172154.wav,not_meaningful
Audio_Moth_3_20250320_022511.wav,/Users/qian/KWF/Segmented_Foldered/Audio Moth 3/20000_24999/Audio_Moth_3_20250320_022511.wav,not_meaningful
Audio_Moth_3_20250321_044435.wav,/Users/qian/KWF/Segmented_Foldered/Audio Moth 3/50000_54999/Audio_Moth_3_20250321_044435.wav,not_meaningful
Audio_Moth_1_20250319_103948.wav,/Users/qian/KWF/Segmented_Foldered/Audio Moth 1/55000_59999/Audio_Moth_1_20250319_103948.wav,not_meaningful
Audio_Moth_3_20250319_131855.wav,/Users/qian/KWF/Segmented_Foldered/Audio Moth 3/5000_9999/Audio_Moth_3_20250319_131855.wav,not_meaningful
Audio_Moth_3_20250320_084158.wav,/Users/qian/KWF/Segmented_Foldered/Audio Moth 3/25000_29999/Audio_Moth_3_20250320_084158.wav,not_meaningful
Audio_Moth_1_20250320_080203.wav,/Users/qian/KWF/Segmented_Foldered/Audio Moth 1/80000_84999/Audio_Moth_1_20250320_080203.wav,meaningful
Audio_Moth_3_20250320_082507.wav,/Users/qian/KWF/Segmented_Foldered/Audio Moth 3/25000_29999/Audio_Moth_3_20250320_082507.wav,not_meaningful
Audio_Moth_3_20250321_044908.wav,/Users/qian/KWF/Segmented_Foldered/Audio Moth 3/50000_54999/Audio_Moth_3_20250321_044908.wav,not_meaningful
Audio_Moth_3_20250320_114301.wav,/Users/qian/KWF/Segmented_Foldered/Audio Moth 3/30000_34999/Audio_Moth_3_20250320_114301.wav,not_meaningful
Audio_Moth_3_20250320_044105.wav,/Users/qian/KWF/Segmented_Foldered/Audio Moth 3/20000_24999/Audio_Moth_3_20250320_044105.wav,not_meaningful
Audio_Moth_3_20250320_104437.wav,/Users/qian/KWF/Segmented_Foldered/Audio Moth 3/30000_34999/Audio_Moth_3_20250320_104437.wav,not_meaningful
Audio_Moth_3_20250320_072510.wav,/Users/qian/KWF/Segmented_Foldered/Audio Moth 3/25000_29999/Audio_Moth_3_20250320_072510.wav,not_meaningful
Audio_Moth_1_20250317_164609.wav,/Users/qian/KWF/Segmented_Foldered/Audio Moth 1/5000_9999/Audio_Moth_1_20250317_164609.wav,not_meaningful
Audio_Moth_3_20250319_103346.wav,/Users/qian/KWF/Segmented_Foldered/Audio Moth 3/0_4999/Audio_Moth_3_20250319_103346.wav,not_meaningful
Audio_Moth_3_20250320_041947.wav,/Users/qian/KWF/Segmented_Foldered/Audio Moth 3/20000_24999/Audio_Moth_3_20250320_041947.wav,not_meaningful
Audio_Moth_2_20250317_172130.wav,/Users/qian/KWF/Segmented_Foldered/Audio Moth 2/5000_9999/Audio_Moth_2_20250317_172130.wav,not_meaningful
Audio_Moth_4_20250319_164843.wav,/Users/qian/KWF/Segmented_Foldered/Audio Moth 4/60000_64999/Audio_Moth_4_20250319_164843.wav,meaningful
Audio_Moth_3_20250320_045453.wav,/Users/qian/KWF/Segmented_Foldered/Audio Moth 3/25000_29999/Audio_Moth_3_20250320_045453.wav,not_meaningful
Audio_Moth_3_20250319_091655.wav,/Users/qian/KWF/Segmented_Foldered/Audio Moth 3/0_4999/Audio_Moth_3_20250319_091655.wav,not_meaningful
Audio_Moth_3_20250319_110152.wav,/Users/qian/KWF/Segmented_Foldered/Audio Moth 3/0_4999/Audio_Moth_3_20250319_110152.wav,not_meaningful
Audio_Moth_5_20250318_191027.wav,/Users/qian/KWF/Segmented_Foldered/Audio Moth 5/35000_39999/Audio_Moth_5_20250318_191027.wav,meaningful
Audio_Moth_3_20250320_022629.wav,/Users/qian/KWF/Segmented_Foldered/Audio Moth 3/20000_24999/Audio_Moth_3_20250320_022629.wav,not_meaningful
Audio_Moth_5_20250321_134418.wav,/Users/qian/KWF/Segmented_Foldered/Audio Moth 5/115000_119999/Audio_Moth_5_20250321_134418.wav,meaningful
Audio_Moth_5_20250317_170806.wav,/Users/qian/KWF/Segmented_Foldered/Audio Moth 5/5000_9999/Audio_Moth_5_20250317_170806.wav,not_meaningful
Audio_Moth_3_20250320_041405.wav,/Users/qian/KWF/Segmented_Foldered/Audio Moth 3/20000_24999/Audio_Moth_3_20250320_041405.wav,not_meaningful
Audio_Moth_3_20250320_132613.wav,/Users/qian/KWF/Segmented_Foldered/Audio Moth 3/35000_39999/Audio_Moth_3_20250320_132613.wav,not_meaningful
Audio_Moth_1_20250317_171015.wav,/Users/qian/KWF/Segmented_Foldered/Audio Moth 1/5000_9999/Audio_Moth_1_20250317_171015.wav,not_meaningful
Audio_Moth_3_20250320_025314.wav,/Users/qian/KWF/Segmented_Foldered/Audio Moth 3/20000_24999/Audio_Moth_3_20250320_025314.wav,not_meaningful
Audio_Moth_3_20250319_103704.wav,/Users/qian/KWF/Segmented_Foldered/Audio Moth 3/0_4999/Audio_Moth_3_20250319_103704.wav,not_meaningful
Audio_Moth_3_20250321_050432.wav,/Users/qian/KWF/Segmented_Foldered/Audio Moth 3/50000_54999/Audio_Moth_3_20250321_050432.wav,not_meaningful
Audio_Moth_4_20250317_170757.wav,/Users/qian/KWF/Segmented_Foldered/Audio Moth 4/5000_9999/Audio_Moth_4_20250317_170757.wav,not_meaningful
Audio_Moth_3_20250320_051023.wav,/Users/qian/KWF/Segmented_Foldered/Audio Moth 3/25000_29999/Audio_Moth_3_20250320_051023.wav,not_meaningful
Audio_Moth_3_20250319_090001.wav,/Users/qian/KWF/Segmented_Foldered/Audio Moth 3/0_4999/Audio_Moth_3_20250319_090001.wav,not_meaningful
Audio_Moth_3_20250319_101852.wav,/Users/qian/KWF/Segmented_Foldered/Audio Moth 3/0_4999/Audio_Moth_3_20250319_101852.wav,not_meaningful
Audio_Moth_3_20250319_101258.wav,/Users/qian/KWF/Segmented_Foldered/Audio Moth 3/0_4999/Audio_Moth_3_20250319_101258.wav,not_meaningful
Audio_Moth_3_20250321_041020.wav,/Users/qian/KWF/Segmented_Foldered/Audio Moth 3/50000_54999/Audio_Moth_3_20250321_041020.wav,not_meaningful
Audio_Moth_2_20250317_231035.wav,/Users/qian/KWF/Segmented_Foldered/Audio Moth 2/15000_19999/Audio_Moth_2_20250317_231035.wav,meaningful
Audio_Moth_3_20250320_093034.wav,/Users/qian/KWF/Segmented_Foldered/Audio Moth 3/30000_34999/Audio_Moth_3_20250320_093034.wav,not_meaningful
Audio_Moth_3_20250320_040614.wav,/Users/qian/KWF/Segmented_Foldered/Audio Moth 3/20000_24999/Audio_Moth_3_20250320_040614.wav,not_meaningful
Audio_Moth_6_20250319_052114.wav,/Users/qian/KWF/Segmented_Foldered/Audio Moth 6/45000_49999/Audio_Moth_6_20250319_052114.wav,meaningful
Audio_Moth_3_20250320_134122.wav,/Users/qian/KWF/Segmented_Foldered/Audio Moth 3/35000_39999/Audio_Moth_3_20250320_134122.wav,not_meaningful
Audio_Moth_3_20250319_141919.wav,/Users/qian/KWF/Segmented_Foldered/Audio Moth 3/5000_9999/Audio_Moth_3_20250319_141919.wav,not_meaningful
Audio_Moth_3_20250320_020817.wav,/Users/qian/KWF/Segmented_Foldered/Audio Moth 3/20000_24999/Audio_Moth_3_20250320_020817.wav,not_meaningful
Audio_Moth_3_20250319_102804.wav,/Users/qian/KWF/Segmented_Foldered/Audio Moth 3/0_4999/Audio_Moth_3_20250319_102804.wav,not_meaningful
Audio_Moth_1_20250319_000812.wav,/Users/qian/KWF/Segmented_Foldered/Audio Moth 1/45000_49999/Audio_Moth_1_20250319_000812.wav,meaningful
Audio_Moth_3_20250320_084534.wav,/Users/qian/KWF/Segmented_Foldered/Audio Moth 3/25000_29999/Audio_Moth_3_20250320_084534.wav,not_meaningful
Audio_Moth_1_20250317_172103.wav,/Users/qian/KWF/Segmented_Foldered/Audio Moth 1/5000_9999/Audio_Moth_1_20250317_172103.wav,not_meaningful
Audio_Moth_3_20250320_085143.wav,/Users/qian/KWF/Segmented_Foldered/Audio Moth 3/25000_29999/Audio_Moth_3_20250320_085143.wav,not_meaningful
Audio_Moth_3_20250320_104419.wav,/Users/qian/KWF/Segmented_Foldered/Audio Moth 3/30000_34999/Audio_Moth_3_20250320_104419.wav,not_meaningful
Audio_Moth_3_20250320_051411.wav,/Users/qian/KWF/Segmented_Foldered/Audio Moth 3/25000_29999/Audio_Moth_3_20250320_051411.wav,not_meaningful
Audio_Moth_6_20250321_074802.wav,/Users/qian/KWF/Segmented_Foldered/Audio Moth 6/110000_114999/Audio_Moth_6_20250321_074802.wav,meaningful
Audio_Moth_3_20250320_083101.wav,/Users/qian/KWF/Segmented_Foldered/Audio Moth 3/25000_29999/Audio_Moth_3_20250320_083101.wav,not_meaningful
Audio_Moth_4_20250317_170633.wav,/Users/qian/KWF/Segmented_Foldered/Audio Moth 4/5000_9999/Audio_Moth_4_20250317_170633.wav,not_meaningful
Audio_Moth_3_20250321_043447.wav,/Users/qian/KWF/Segmented_Foldered/Audio Moth 3/50000_54999/Audio_Moth_3_20250321_043447.wav,not_meaningful
Audio_Moth_2_20250319_054320.wav,/Users/qian/KWF/Segmented_Foldered/Audio Moth 2/50000_54999/Audio_Moth_2_20250319_054320.wav,meaningful
Audio_Moth_3_20250320_103455.wav,/Users/qian/KWF/Segmented_Foldered/Audio Moth 3/30000_34999/Audio_Moth_3_20250320_103455.wav,not_meaningful
Audio_Moth_1_20250320_040109.wav,/Users/qian/KWF/Segmented_Foldered/Audio Moth 1/75000_79999/Audio_Moth_1_20250320_040109.wav,meaningful
Audio_Moth_3_20250320_035132.wav,/Users/qian/KWF/Segmented_Foldered/Audio Moth 3/20000_24999/Audio_Moth_3_20250320_035132.wav,not_meaningful
Audio_Moth_3_20250320_081625.wav,/Users/qian/KWF/Segmented_Foldered/Audio Moth 3/25000_29999/Audio_Moth_3_20250320_081625.wav,not_meaningful
Audio_Moth_3_20250320_051538.wav,/Users/qian/KWF/Segmented_Foldered/Audio Moth 3/25000_29999/Audio_Moth_3_20250320_051538.wav,not_meaningful
Audio_Moth_2_20250320_053614.wav,/Users/qian/KWF/Segmented_Foldered/Audio Moth 2/80000_84999/Audio_Moth_2_20250320_053614.wav,meaningful
Audio_Moth_3_20250320_112310.wav,/Users/qian/KWF/Segmented_Foldered/Audio Moth 3/30000_34999/Audio_Moth_3_20250320_112310.wav,not_meaningful
Audio_Moth_3_20250321_035205.wav,/Users/qian/KWF/Segmented_Foldered/Audio Moth 3/50000_54999/Audio_Moth_3_20250321_035205.wav,not_meaningful
Audio_Moth_1_20250318_014845.wav,/Users/qian/KWF/Segmented_Foldered/Audio Moth 1/15000_19999/Audio_Moth_1_20250318_014845.wav,meaningful
Audio_Moth_3_20250320_091355.wav,/Users/qian/KWF/Segmented_Foldered/Audio Moth 3/30000_34999/Audio_Moth_3_20250320_091355.wav,not_meaningful
Audio_Moth_3_20250320_024720.wav,/Users/qian/KWF/Segmented_Foldered/Audio Moth 3/20000_24999/Audio_Moth_3_20250320_024720.wav,not_meaningful
Audio_Moth_3_20250320_040917.wav,/Users/qian/KWF/Segmented_Foldered/Audio Moth 3/20000_24999/Audio_Moth_3_20250320_040917.wav,not_meaningful
Audio_Moth_3_20250320_043732.wav,/Users/qian/KWF/Segmented_Foldered/Audio Moth 3/20000_24999/Audio_Moth_3_20250320_043732.wav,not_meaningful
Audio_Moth_3_20250320_031420.wav,/Users/qian/KWF/Segmented_Foldered/Audio Moth 3/20000_24999/Audio_Moth_3_20250320_031420.wav,not_meaningful
Audio_Moth_1_20250317_225348.wav,/Users/qian/KWF/Segmented_Foldered/Audio Moth 1/15000_19999/Audio_Moth_1_20250317_225348.wav,meaningful
Audio_Moth_3_20250320_042323.wav,/Users/qian/KWF/Segmented_Foldered/Audio Moth 3/20000_24999/Audio_Moth_3_20250320_042323.wav,not_meaningful
Audio_Moth_3_20250320_022741.wav,/Users/qian/KWF/Segmented_Foldered/Audio Moth 3/20000_24999/Audio_Moth_3_20250320_022741.wav,not_meaningful
Audio_Moth_6_20250319_104158.wav,/Users/qian/KWF/Segmented_Foldered/Audio Moth 6/55000_59999/Audio_Moth_6_20250319_104158.wav,not_meaningful
Audio_Moth_3_20250320_102213.wav,/Users/qian/KWF/Segmented_Foldered/Audio Moth 3/30000_34999/Audio_Moth_3_20250320_102213.wav,not_meaningful
Audio_Moth_3_20250320_023641.wav,/Users/qian/KWF/Segmented_Foldered/Audio Moth 3/20000_24999/Audio_Moth_3_20250320_023641.wav,not_meaningful
Audio_Moth_3_20250320_010123.wav,/Users/qian/KWF/Segmented_Foldered/Audio Moth 3/20000_24999/Audio_Moth_3_20250320_010123.wav,not_meaningful
Audio_Moth_3_20250321_043947.wav,/Users/qian/KWF/Segmented_Foldered/Audio Moth 3/50000_54999/Audio_Moth_3_20250321_043947.wav,not_meaningful
Audio_Moth_4_20250317_123606.wav,/Users/qian/KWF/Segmented_Foldered/Audio Moth 4/0_4999/Audio_Moth_4_20250317_123606.wav,not_meaningful
Audio_Moth_3_20250321_050044.wav,/Users/qian/KWF/Segmented_Foldered/Audio Moth 3/50000_54999/Audio_Moth_3_20250321_050044.wav,not_meaningful
Audio_Moth_3_20250319_084346.wav,/Users/qian/KWF/Segmented_Foldered/Audio Moth 3/0_4999/Audio_Moth_3_20250319_084346.wav,not_meaningful
Audio_Moth_1_20250317_172542.wav,/Users/qian/KWF/Segmented_Foldered/Audio Moth 1/5000_9999/Audio_Moth_1_20250317_172542.wav,not_meaningful
Audio_Moth_3_20250320_043411.wav,/Users/qian/KWF/Segmented_Foldered/Audio Moth 3/20000_24999/Audio_Moth_3_20250320_043411.wav,not_meaningful
Audio_Moth_3_20250320_050359.wav,/Users/qian/KWF/Segmented_Foldered/Audio Moth 3/25000_29999/Audio_Moth_3_20250320_050359.wav,not_meaningful
Audio_Moth_1_20250318_034742.wav,/Users/qian/KWF/Segmented_Foldered/Audio Moth 1/20000_24999/Audio_Moth_1_20250318_034742.wav,meaningful
Audio_Moth_6_20250317_172350.wav,/Users/qian/KWF/Segmented_Foldered/Audio Moth 6/5000_9999/Audio_Moth_6_20250317_172350.wav,not_meaningful
Audio_Moth_5_20250319_144859.wav,/Users/qian/KWF/Segmented_Foldered/Audio Moth 5/60000_64999/Audio_Moth_5_20250319_144859.wav,meaningful
Audio_Moth_3_20250320_095904.wav,/Users/qian/KWF/Segmented_Foldered/Audio Moth 3/30000_34999/Audio_Moth_3_20250320_095904.wav,not_meaningful
Audio_Moth_3_20250321_043738.wav,/Users/qian/KWF/Segmented_Foldered/Audio Moth 3/50000_54999/Audio_Moth_3_20250321_043738.wav,not_meaningful
Audio_Moth_1_20250317_173027.wav,/Users/qian/KWF/Segmented_Foldered/Audio Moth 1/5000_9999/Audio_Moth_1_20250317_173027.wav,not_meaningful
Audio_Moth_1_20250320_141833.wav,/Users/qian/KWF/Segmented_Foldered/Audio Moth 1/90000_94999/Audio_Moth_1_20250320_141833.wav,meaningful
Audio_Moth_1_20250320_023900.wav,/Users/qian/KWF/Segmented_Foldered/Audio Moth 1/75000_79999/Audio_Moth_1_20250320_023900.wav,meaningful
Audio_Moth_3_20250321_041532.wav,/Users/qian/KWF/Segmented_Foldered/Audio Moth 3/50000_54999/Audio_Moth_3_20250321_041532.wav,not_meaningful
Audio_Moth_3_20250320_020305.wav,/Users/qian/KWF/Segmented_Foldered/Audio Moth 3/20000_24999/Audio_Moth_3_20250320_020305.wav,not_meaningful
Audio_Moth_6_20250320_104920.wav,/Users/qian/KWF/Segmented_Foldered/Audio Moth 6/80000_84999/Audio_Moth_6_20250320_104920.wav,not_meaningful
Audio_Moth_3_20250321_032453.wav,/Users/qian/KWF/Segmented_Foldered/Audio Moth 3/50000_54999/Audio_Moth_3_20250321_032453.wav,not_meaningful
Audio_Moth_1_20250317_173209.wav,/Users/qian/KWF/Segmented_Foldered/Audio Moth 1/5000_9999/Audio_Moth_1_20250317_173209.wav,not_meaningful
Audio_Moth_3_20250320_045329.wav,/Users/qian/KWF/Segmented_Foldered/Audio Moth 3/25000_29999/Audio_Moth_3_20250320_045329.wav,not_meaningful
Audio_Moth_1_20250320_015600.wav,/Users/qian/KWF/Segmented_Foldered/Audio Moth 1/75000_79999/Audio_Moth_1_20250320_015600.wav,meaningful
Audio_Moth_3_20250320_093555.wav,/Users/qian/KWF/Segmented_Foldered/Audio Moth 3/30000_34999/Audio_Moth_3_20250320_093555.wav,not_meaningful
Audio_Moth_3_20250320_103234.wav,/Users/qian/KWF/Segmented_Foldered/Audio Moth 3/30000_34999/Audio_Moth_3_20250320_103234.wav,not_meaningful
Audio_Moth_3_20250321_050938.wav,/Users/qian/KWF/Segmented_Foldered/Audio Moth 3/50000_54999/Audio_Moth_3_20250321_050938.wav,not_meaningful
Audio_Moth_3_20250320_014053.wav,/Users/qian/KWF/Segmented_Foldered/Audio Moth 3/20000_24999/Audio_Moth_3_20250320_014053.wav,not_meaningful
Audio_Moth_1_20250317_170327.wav,/Users/qian/KWF/Segmented_Foldered/Audio Moth 1/5000_9999/Audio_Moth_1_20250317_170327.wav,not_meaningful
Audio_Moth_3_20250320_030614.wav,/Users/qian/KWF/Segmented_Foldered/Audio Moth 3/20000_24999/Audio_Moth_3_20250320_030614.wav,not_meaningful
Audio_Moth_5_20250320_173341.wav,/Users/qian/KWF/Segmented_Foldered/Audio Moth 5/90000_94999/Audio_Moth_5_20250320_173341.wav,meaningful
Audio_Moth_1_20250317_170136.wav,/Users/qian/KWF/Segmented_Foldered/Audio Moth 1/5000_9999/Audio_Moth_1_20250317_170136.wav,not_meaningful
Audio_Moth_3_20250320_045405.wav,/Users/qian/KWF/Segmented_Foldered/Audio Moth 3/25000_29999/Audio_Moth_3_20250320_045405.wav,not_meaningful
Audio_Moth_3_20250320_112155.wav,/Users/qian/KWF/Segmented_Foldered/Audio Moth 3/30000_34999/Audio_Moth_3_20250320_112155.wav,not_meaningful
Audio_Moth_3_20250321_033544.wav,/Users/qian/KWF/Segmented_Foldered/Audio Moth 3/50000_54999/Audio_Moth_3_20250321_033544.wav,not_meaningful
Audio_Moth_3_20250319_122752.wav,/Users/qian/KWF/Segmented_Foldered/Audio Moth 3/5000_9999/Audio_Moth_3_20250319_122752.wav,not_meaningful
Audio_Moth_2_20250317_170003.wav,/Users/qian/KWF/Segmented_Foldered/Audio Moth 2/5000_9999/Audio_Moth_2_20250317_170003.wav,not_meaningful
Audio_Moth_3_20250321_043517.wav,/Users/qian/KWF/Segmented_Foldered/Audio Moth 3/50000_54999/Audio_Moth_3_20250321_043517.wav,not_meaningful
Audio_Moth_3_20250320_145552.wav,/Users/qian/KWF/Segmented_Foldered/Audio Moth 3/35000_39999/Audio_Moth_3_20250320_145552.wav,not_meaningful
Audio_Moth_3_20250320_031141.wav,/Users/qian/KWF/Segmented_Foldered/Audio Moth 3/20000_24999/Audio_Moth_3_20250320_031141.wav,not_meaningful
Audio_Moth_3_20250320_014044.wav,/Users/qian/KWF/Segmented_Foldered/Audio Moth 3/20000_24999/Audio_Moth_3_20250320_014044.wav,not_meaningful
Audio_Moth_2_20250317_165200.wav,/Users/qian/KWF/Segmented_Foldered/Audio Moth 2/5000_9999/Audio_Moth_2_20250317_165200.wav,not_meaningful
Audio_Moth_3_20250319_135813.wav,/Users/qian/KWF/Segmented_Foldered/Audio Moth 3/5000_9999/Audio_Moth_3_20250319_135813.wav,not_meaningful
Audio_Moth_2_20250317_170100.wav,/Users/qian/KWF/Segmented_Foldered/Audio Moth 2/5000_9999/Audio_Moth_2_20250317_170100.wav,not_meaningful
Audio_Moth_3_20250320_030832.wav,/Users/qian/KWF/Segmented_Foldered/Audio Moth 3/20000_24999/Audio_Moth_3_20250320_030832.wav,not_meaningful
Audio_Moth_3_20250319_114328.wav,/Users/qian/KWF/Segmented_Foldered/Audio Moth 3/0_4999/Audio_Moth_3_20250319_114328.wav,not_meaningful
Audio_Moth_3_20250319_134119.wav,/Users/qian/KWF/Segmented_Foldered/Audio Moth 3/5000_9999/Audio_Moth_3_20250319_134119.wav,not_meaningful
Audio_Moth_1_20250317_200530.wav,/Users/qian/KWF/Segmented_Foldered/Audio Moth 1/10000_14999/Audio_Moth_1_20250317_200530.wav,meaningful
Audio_Moth_6_20250319_061641.wav,/Users/qian/KWF/Segmented_Foldered/Audio Moth 6/50000_54999/Audio_Moth_6_20250319_061641.wav,meaningful
Audio_Moth_3_20250320_030132.wav,/Users/qian/KWF/Segmented_Foldered/Audio Moth 3/20000_24999/Audio_Moth_3_20250320_030132.wav,not_meaningful
Audio_Moth_3_20250320_015117.wav,/Users/qian/KWF/Segmented_Foldered/Audio Moth 3/20000_24999/Audio_Moth_3_20250320_015117.wav,not_meaningful
Audio_Moth_3_20250319_094758.wav,/Users/qian/KWF/Segmented_Foldered/Audio Moth 3/0_4999/Audio_Moth_3_20250319_094758.wav,not_meaningful
Audio_Moth_3_20250320_111922.wav,/Users/qian/KWF/Segmented_Foldered/Audio Moth 3/30000_34999/Audio_Moth_3_20250320_111922.wav,not_meaningful
Audio_Moth_3_20250319_110149.wav,/Users/qian/KWF/Segmented_Foldered/Audio Moth 3/0_4999/Audio_Moth_3_20250319_110149.wav,not_meaningful
Audio_Moth_5_20250320_101335.wav,/Users/qian/KWF/Segmented_Foldered/Audio Moth 5/80000_84999/Audio_Moth_5_20250320_101335.wav,meaningful
Audio_Moth_3_20250320_040014.wav,/Users/qian/KWF/Segmented_Foldered/Audio Moth 3/20000_24999/Audio_Moth_3_20250320_040014.wav,not_meaningful
Audio_Moth_3_20250319_095328.wav,/Users/qian/KWF/Segmented_Foldered/Audio Moth 3/0_4999/Audio_Moth_3_20250319_095328.wav,not_meaningful
Audio_Moth_3_20250320_034456.wav,/Users/qian/KWF/Segmented_Foldered/Audio Moth 3/20000_24999/Audio_Moth_3_20250320_034456.wav,not_meaningful
Audio_Moth_6_20250317_172826.wav,/Users/qian/KWF/Segmented_Foldered/Audio Moth 6/5000_9999/Audio_Moth_6_20250317_172826.wav,not_meaningful
Audio_Moth_3_20250320_032953.wav,/Users/qian/KWF/Segmented_Foldered/Audio Moth 3/20000_24999/Audio_Moth_3_20250320_032953.wav,not_meaningful
Audio_Moth_3_20250320_031950.wav,/Users/qian/KWF/Segmented_Foldered/Audio Moth 3/20000_24999/Audio_Moth_3_20250320_031950.wav,not_meaningful
Audio_Moth_3_20250321_040559.wav,/Users/qian/KWF/Segmented_Foldered/Audio Moth 3/50000_54999/Audio_Moth_3_20250321_040559.wav,not_meaningful
Audio_Moth_3_20250320_072358.wav,/Users/qian/KWF/Segmented_Foldered/Audio Moth 3/25000_29999/Audio_Moth_3_20250320_072358.wav,not_meaningful
Audio_Moth_1_20250319_172930.wav,/Users/qian/KWF/Segmented_Foldered/Audio Moth 1/65000_69999/Audio_Moth_1_20250319_172930.wav,meaningful
Audio_Moth_3_20250321_040511.wav,/Users/qian/KWF/Segmented_Foldered/Audio Moth 3/50000_54999/Audio_Moth_3_20250321_040511.wav,not_meaningful
Audio_Moth_3_20250320_020756.wav,/Users/qian/KWF/Segmented_Foldered/Audio Moth 3/20000_24999/Audio_Moth_3_20250320_020756.wav,not_meaningful
Audio_Moth_4_20250321_062003.wav,/Users/qian/KWF/Segmented_Foldered/Audio Moth 4/105000_109999/Audio_Moth_4_20250321_062003.wav,meaningful
Audio_Moth_3_20250320_092619.wav,/Users/qian/KWF/Segmented_Foldered/Audio Moth 3/30000_34999/Audio_Moth_3_20250320_092619.wav,not_meaningful
Audio_Moth_6_20250317_172759.wav,/Users/qian/KWF/Segmented_Foldered/Audio Moth 6/5000_9999/Audio_Moth_6_20250317_172759.wav,not_meaningful
Audio_Moth_1_20250317_172427.wav,/Users/qian/KWF/Segmented_Foldered/Audio Moth 1/5000_9999/Audio_Moth_1_20250317_172427.wav,not_meaningful
Audio_Moth_3_20250320_021435.wav,/Users/qian/KWF/Segmented_Foldered/Audio Moth 3/20000_24999/Audio_Moth_3_20250320_021435.wav,not_meaningful
Audio_Moth_3_20250320_041353.wav,/Users/qian/KWF/Segmented_Foldered/Audio Moth 3/20000_24999/Audio_Moth_3_20250320_041353.wav,not_meaningful
Audio_Moth_3_20250321_033638.wav,/Users/qian/KWF/Segmented_Foldered/Audio Moth 3/50000_54999/Audio_Moth_3_20250321_033638.wav,not_meaningful
Audio_Moth_3_20250320_022735.wav,/Users/qian/KWF/Segmented_Foldered/Audio Moth 3/20000_24999/Audio_Moth_3_20250320_022735.wav,not_meaningful
Audio_Moth_3_20250320_050753.wav,/Users/qian/KWF/Segmented_Foldered/Audio Moth 3/25000_29999/Audio_Moth_3_20250320_050753.wav,not_meaningful
Audio_Moth_3_20250321_051317.wav,/Users/qian/KWF/Segmented_Foldered/Audio Moth 3/50000_54999/Audio_Moth_3_20250321_051317.wav,not_meaningful
Audio_Moth_3_20250321_041605.wav,/Users/qian/KWF/Segmented_Foldered/Audio Moth 3/50000_54999/Audio_Moth_3_20250321_041605.wav,not_meaningful
Audio_Moth_3_20250320_040705.wav,/Users/qian/KWF/Segmented_Foldered/Audio Moth 3/20000_24999/Audio_Moth_3_20250320_040705.wav,not_meaningful
Audio_Moth_3_20250319_102628.wav,/Users/qian/KWF/Segmented_Foldered/Audio Moth 3/0_4999/Audio_Moth_3_20250319_102628.wav,not_meaningful
Audio_Moth_3_20250320_070125.wav,/Users/qian/KWF/Segmented_Foldered/Audio Moth 3/25000_29999/Audio_Moth_3_20250320_070125.wav,not_meaningful
Audio_Moth_3_20250320_040114.wav,/Users/qian/KWF/Segmented_Foldered/Audio Moth 3/20000_24999/Audio_Moth_3_20250320_040114.wav,not_meaningful
Audio_Moth_3_20250320_044502.wav,/Users/qian/KWF/Segmented_Foldered/Audio Moth 3/20000_24999/Audio_Moth_3_20250320_044502.wav,not_meaningful
Audio_Moth_3_20250320_014935.wav,/Users/qian/KWF/Segmented_Foldered/Audio Moth 3/20000_24999/Audio_Moth_3_20250320_014935.wav,not_meaningful
Audio_Moth_3_20250320_033541.wav,/Users/qian/KWF/Segmented_Foldered/Audio Moth 3/20000_24999/Audio_Moth_3_20250320_033541.wav,not_meaningful
Audio_Moth_4_20250317_170233.wav,/Users/qian/KWF/Segmented_Foldered/Audio Moth 4/5000_9999/Audio_Moth_4_20250317_170233.wav,not_meaningful
Audio_Moth_3_20250319_093228.wav,/Users/qian/KWF/Segmented_Foldered/Audio Moth 3/0_4999/Audio_Moth_3_20250319_093228.wav,not_meaningful
Audio_Moth_3_20250320_005744.wav,/Users/qian/KWF/Segmented_Foldered/Audio Moth 3/20000_24999/Audio_Moth_3_20250320_005744.wav,not_meaningful
Audio_Moth_3_20250319_103655.wav,/Users/qian/KWF/Segmented_Foldered/Audio Moth 3/0_4999/Audio_Moth_3_20250319_103655.wav,not_meaningful
Audio_Moth_3_20250320_020526.wav,/Users/qian/KWF/Segmented_Foldered/Audio Moth 3/20000_24999/Audio_Moth_3_20250320_020526.wav,not_meaningful
Audio_Moth_3_20250319_135246.wav,/Users/qian/KWF/Segmented_Foldered/Audio Moth 3/5000_9999/Audio_Moth_3_20250319_135246.wav,not_meaningful
Audio_Moth_6_20250317_172202.wav,/Users/qian/KWF/Segmented_Foldered/Audio Moth 6/5000_9999/Audio_Moth_6_20250317_172202.wav,not_meaningful
Audio_Moth_3_20250320_102534.wav,/Users/qian/KWF/Segmented_Foldered/Audio Moth 3/30000_34999/Audio_Moth_3_20250320_102534.wav,not_meaningful
Audio_Moth_3_20250320_034353.wav,/Users/qian/KWF/Segmented_Foldered/Audio Moth 3/20000_24999/Audio_Moth_3_20250320_034353.wav,not_meaningful
Audio_Moth_3_20250321_041750.wav,/Users/qian/KWF/Segmented_Foldered/Audio Moth 3/50000_54999/Audio_Moth_3_20250321_041750.wav,not_meaningful
Audio_Moth_3_20250320_022411.wav,/Users/qian/KWF/Segmented_Foldered/Audio Moth 3/20000_24999/Audio_Moth_3_20250320_022411.wav,not_meaningful
Audio_Moth_2_20250317_171924.wav,/Users/qian/KWF/Segmented_Foldered/Audio Moth 2/5000_9999/Audio_Moth_2_20250317_171924.wav,not_meaningful
Audio_Moth_2_20250317_140400.wav,/Users/qian/KWF/Segmented_Foldered/Audio Moth 2/0_4999/Audio_Moth_2_20250317_140400.wav,meaningful
Audio_Moth_1_20250317_171248.wav,/Users/qian/KWF/Segmented_Foldered/Audio Moth 1/5000_9999/Audio_Moth_1_20250317_171248.wav,not_meaningful
Audio_Moth_1_20250317_165957.wav,/Users/qian/KWF/Segmented_Foldered/Audio Moth 1/5000_9999/Audio_Moth_1_20250317_165957.wav,not_meaningful
Audio_Moth_6_20250317_120829.wav,/Users/qian/KWF/Segmented_Foldered/Audio Moth 6/0_4999/Audio_Moth_6_20250317_120829.wav,not_meaningful
Audio_Moth_3_20250321_042044.wav,/Users/qian/KWF/Segmented_Foldered/Audio Moth 3/50000_54999/Audio_Moth_3_20250321_042044.wav,not_meaningful
Audio_Moth_3_20250319_085013.wav,/Users/qian/KWF/Segmented_Foldered/Audio Moth 3/0_4999/Audio_Moth_3_20250319_085013.wav,not_meaningful
Audio_Moth_3_20250320_033441.wav,/Users/qian/KWF/Segmented_Foldered/Audio Moth 3/20000_24999/Audio_Moth_3_20250320_033441.wav,not_meaningful
Audio_Moth_3_20250320_081546.wav,/Users/qian/KWF/Segmented_Foldered/Audio Moth 3/25000_29999/Audio_Moth_3_20250320_081546.wav,not_meaningful
Audio_Moth_3_20250320_093019.wav,/Users/qian/KWF/Segmented_Foldered/Audio Moth 3/30000_34999/Audio_Moth_3_20250320_093019.wav,not_meaningful
Audio_Moth_1_20250321_014109.wav,/Users/qian/KWF/Segmented_Foldered/Audio Moth 1/105000_109999/Audio_Moth_1_20250321_014109.wav,meaningful
Audio_Moth_3_20250320_032514.wav,/Users/qian/KWF/Segmented_Foldered/Audio Moth 3/20000_24999/Audio_Moth_3_20250320_032514.wav,not_meaningful
Audio_Moth_6_20250321_060532.wav,/Users/qian/KWF/Segmented_Foldered/Audio Moth 6/105000_109999/Audio_Moth_6_20250321_060532.wav,meaningful
Audio_Moth_2_20250317_171642.wav,/Users/qian/KWF/Segmented_Foldered/Audio Moth 2/5000_9999/Audio_Moth_2_20250317_171642.wav,not_meaningful
Audio_Moth_3_20250320_010832.wav,/Users/qian/KWF/Segmented_Foldered/Audio Moth 3/20000_24999/Audio_Moth_3_20250320_010832.wav,not_meaningful
Audio_Moth_6_20250319_075634.wav,/Users/qian/KWF/Segmented_Foldered/Audio Moth 6/50000_54999/Audio_Moth_6_20250319_075634.wav,meaningful
Audio_Moth_3_20250319_084952.wav,/Users/qian/KWF/Segmented_Foldered/Audio Moth 3/0_4999/Audio_Moth_3_20250319_084952.wav,not_meaningful
Audio_Moth_6_20250320_100429.wav,/Users/qian/KWF/Segmented_Foldered/Audio Moth 6/80000_84999/Audio_Moth_6_20250320_100429.wav,not_meaningful
Audio_Moth_1_20250317_164933.wav,/Users/qian/KWF/Segmented_Foldered/Audio Moth 1/5000_9999/Audio_Moth_1_20250317_164933.wav,not_meaningful
Audio_Moth_1_20250317_170645.wav,/Users/qian/KWF/Segmented_Foldered/Audio Moth 1/5000_9999/Audio_Moth_1_20250317_170645.wav,not_meaningful
Audio_Moth_3_20250319_101222.wav,/Users/qian/KWF/Segmented_Foldered/Audio Moth 3/0_4999/Audio_Moth_3_20250319_101222.wav,not_meaningful
Audio_Moth_3_20250320_034526.wav,/Users/qian/KWF/Segmented_Foldered/Audio Moth 3/20000_24999/Audio_Moth_3_20250320_034526.wav,not_meaningful
Audio_Moth_6_20250319_105434.wav,/Users/qian/KWF/Segmented_Foldered/Audio Moth 6/55000_59999/Audio_Moth_6_20250319_105434.wav,not_meaningful
Audio_Moth_3_20250321_042938.wav,/Users/qian/KWF/Segmented_Foldered/Audio Moth 3/50000_54999/Audio_Moth_3_20250321_042938.wav,not_meaningful
Audio_Moth_3_20250320_091258.wav,/Users/qian/KWF/Segmented_Foldered/Audio Moth 3/30000_34999/Audio_Moth_3_20250320_091258.wav,not_meaningful
Audio_Moth_4_20250317_164648.wav,/Users/qian/KWF/Segmented_Foldered/Audio Moth 4/5000_9999/Audio_Moth_4_20250317_164648.wav,not_meaningful
Audio_Moth_3_20250320_114622.wav,/Users/qian/KWF/Segmented_Foldered/Audio Moth 3/30000_34999/Audio_Moth_3_20250320_114622.wav,not_meaningful
Audio_Moth_3_20250320_021535.wav,/Users/qian/KWF/Segmented_Foldered/Audio Moth 3/20000_24999/Audio_Moth_3_20250320_021535.wav,not_meaningful
Audio_Moth_6_20250317_172114.wav,/Users/qian/KWF/Segmented_Foldered/Audio Moth 6/5000_9999/Audio_Moth_6_20250317_172114.wav,not_meaningful
Audio_Moth_3_20250320_031944.wav,/Users/qian/KWF/Segmented_Foldered/Audio Moth 3/20000_24999/Audio_Moth_3_20250320_031944.wav,not_meaningful
Audio_Moth_6_20250319_103501.wav,/Users/qian/KWF/Segmented_Foldered/Audio Moth 6/55000_59999/Audio_Moth_6_20250319_103501.wav,not_meaningful
Audio_Moth_3_20250321_035638.wav,/Users/qian/KWF/Segmented_Foldered/Audio Moth 3/50000_54999/Audio_Moth_3_20250321_035638.wav,not_meaningful
Audio_Moth_2_20250317_144306.wav,/Users/qian/KWF/Segmented_Foldered/Audio Moth 2/5000_9999/Audio_Moth_2_20250317_144306.wav,meaningful
Audio_Moth_3_20250319_114446.wav,/Users/qian/KWF/Segmented_Foldered/Audio Moth 3/0_4999/Audio_Moth_3_20250319_114446.wav,not_meaningful
Audio_Moth_3_20250320_031217.wav,/Users/qian/KWF/Segmented_Foldered/Audio Moth 3/20000_24999/Audio_Moth_3_20250320_031217.wav,not_meaningful
Audio_Moth_3_20250321_050517.wav,/Users/qian/KWF/Segmented_Foldered/Audio Moth 3/50000_54999/Audio_Moth_3_20250321_050517.wav,not_meaningful
Audio_Moth_3_20250320_022923.wav,/Users/qian/KWF/Segmented_Foldered/Audio Moth 3/20000_24999/Audio_Moth_3_20250320_022923.wav,not_meaningful
Audio_Moth_3_20250320_030159.wav,/Users/qian/KWF/Segmented_Foldered/Audio Moth 3/20000_24999/Audio_Moth_3_20250320_030159.wav,not_meaningful
Audio_Moth_3_20250321_050656.wav,/Users/qian/KWF/Segmented_Foldered/Audio Moth 3/50000_54999/Audio_Moth_3_20250321_050656.wav,not_meaningful
Audio_Moth_3_20250320_084358.wav,/Users/qian/KWF/Segmented_Foldered/Audio Moth 3/25000_29999/Audio_Moth_3_20250320_084358.wav,not_meaningful
Audio_Moth_3_20250320_094258.wav,/Users/qian/KWF/Segmented_Foldered/Audio Moth 3/30000_34999/Audio_Moth_3_20250320_094258.wav,not_meaningful
Audio_Moth_1_20250320_232845.wav,/Users/qian/KWF/Segmented_Foldered/Audio Moth 1/100000_104999/Audio_Moth_1_20250320_232845.wav,meaningful
Audio_Moth_3_20250319_103152.wav,/Users/qian/KWF/Segmented_Foldered/Audio Moth 3/0_4999/Audio_Moth_3_20250319_103152.wav,not_meaningful
Audio_Moth_3_20250320_092343.wav,/Users/qian/KWF/Segmented_Foldered/Audio Moth 3/30000_34999/Audio_Moth_3_20250320_092343.wav,not_meaningful
Audio_Moth_3_20250320_021250.wav,/Users/qian/KWF/Segmented_Foldered/Audio Moth 3/20000_24999/Audio_Moth_3_20250320_021250.wav,not_meaningful
Audio_Moth_6_20250319_102813.wav,/Users/qian/KWF/Segmented_Foldered/Audio Moth 6/55000_59999/Audio_Moth_6_20250319_102813.wav,not_meaningful
Audio_Moth_3_20250320_032217.wav,/Users/qian/KWF/Segmented_Foldered/Audio Moth 3/20000_24999/Audio_Moth_3_20250320_032217.wav,not_meaningful
Audio_Moth_3_20250320_011917.wav,/Users/qian/KWF/Segmented_Foldered/Audio Moth 3/20000_24999/Audio_Moth_3_20250320_011917.wav,not_meaningful
Audio_Moth_5_20250319_053309.wav,/Users/qian/KWF/Segmented_Foldered/Audio Moth 5/50000_54999/Audio_Moth_5_20250319_053309.wav,meaningful
Audio_Moth_3_20250319_104258.wav,/Users/qian/KWF/Segmented_Foldered/Audio Moth 3/0_4999/Audio_Moth_3_20250319_104258.wav,not_meaningful
Audio_Moth_3_20250319_105731.wav,/Users/qian/KWF/Segmented_Foldered/Audio Moth 3/0_4999/Audio_Moth_3_20250319_105731.wav,not_meaningful
Audio_Moth_2_20250320_161317.wav,/Users/qian/KWF/Segmented_Foldered/Audio Moth 2/90000_94999/Audio_Moth_2_20250320_161317.wav,meaningful
Audio_Moth_1_20250319_110230.wav,/Users/qian/KWF/Segmented_Foldered/Audio Moth 1/55000_59999/Audio_Moth_1_20250319_110230.wav,not_meaningful
Audio_Moth_4_20250317_170415.wav,/Users/qian/KWF/Segmented_Foldered/Audio Moth 4/5000_9999/Audio_Moth_4_20250317_170415.wav,not_meaningful
Audio_Moth_3_20250319_104231.wav,/Users/qian/KWF/Segmented_Foldered/Audio Moth 3/0_4999/Audio_Moth_3_20250319_104231.wav,not_meaningful
Audio_Moth_3_20250320_103055.wav,/Users/qian/KWF/Segmented_Foldered/Audio Moth 3/30000_34999/Audio_Moth_3_20250320_103055.wav,not_meaningful
Audio_Moth_3_20250320_091410.wav,/Users/qian/KWF/Segmented_Foldered/Audio Moth 3/30000_34999/Audio_Moth_3_20250320_091410.wav,not_meaningful
Audio_Moth_3_20250320_044541.wav,/Users/qian/KWF/Segmented_Foldered/Audio Moth 3/20000_24999/Audio_Moth_3_20250320_044541.wav,not_meaningful
Audio_Moth_3_20250320_010835.wav,/Users/qian/KWF/Segmented_Foldered/Audio Moth 3/20000_24999/Audio_Moth_3_20250320_010835.wav,not_meaningful
Audio_Moth_3_20250320_023808.wav,/Users/qian/KWF/Segmented_Foldered/Audio Moth 3/20000_24999/Audio_Moth_3_20250320_023808.wav,not_meaningful
Audio_Moth_3_20250319_095337.wav,/Users/qian/KWF/Segmented_Foldered/Audio Moth 3/0_4999/Audio_Moth_3_20250319_095337.wav,not_meaningful
Audio_Moth_3_20250319_081452.wav,/Users/qian/KWF/Segmented_Foldered/Audio Moth 3/0_4999/Audio_Moth_3_20250319_081452.wav,not_meaningful
Audio_Moth_2_20250319_023720.wav,/Users/qian/KWF/Segmented_Foldered/Audio Moth 2/45000_49999/Audio_Moth_2_20250319_023720.wav,meaningful
Audio_Moth_3_20250321_050311.wav,/Users/qian/KWF/Segmented_Foldered/Audio Moth 3/50000_54999/Audio_Moth_3_20250321_050311.wav,not_meaningful
Audio_Moth_3_20250320_050150.wav,/Users/qian/KWF/Segmented_Foldered/Audio Moth 3/25000_29999/Audio_Moth_3_20250320_050150.wav,not_meaningful
Audio_Moth_3_20250320_005256.wav,/Users/qian/KWF/Segmented_Foldered/Audio Moth 3/20000_24999/Audio_Moth_3_20250320_005256.wav,not_meaningful
Audio_Moth_3_20250320_045108.wav,/Users/qian/KWF/Segmented_Foldered/Audio Moth 3/25000_29999/Audio_Moth_3_20250320_045108.wav,not_meaningful
Audio_Moth_3_20250320_050553.wav,/Users/qian/KWF/Segmented_Foldered/Audio Moth 3/25000_29999/Audio_Moth_3_20250320_050553.wav,not_meaningful
Audio_Moth_2_20250317_174048.wav,/Users/qian/KWF/Segmented_Foldered/Audio Moth 2/5000_9999/Audio_Moth_2_20250317_174048.wav,not_meaningful
Audio_Moth_4_20250318_220451.wav,/Users/qian/KWF/Segmented_Foldered/Audio Moth 4/40000_44999/Audio_Moth_4_20250318_220451.wav,meaningful
Audio_Moth_3_20250320_010708.wav,/Users/qian/KWF/Segmented_Foldered/Audio Moth 3/20000_24999/Audio_Moth_3_20250320_010708.wav,not_meaningful
Audio_Moth_3_20250319_101307.wav,/Users/qian/KWF/Segmented_Foldered/Audio Moth 3/0_4999/Audio_Moth_3_20250319_101307.wav,not_meaningful
Audio_Moth_3_20250319_081152.wav,/Users/qian/KWF/Segmented_Foldered/Audio Moth 3/0_4999/Audio_Moth_3_20250319_081152.wav,not_meaningful
Audio_Moth_3_20250319_093655.wav,/Users/qian/KWF/Segmented_Foldered/Audio Moth 3/0_4999/Audio_Moth_3_20250319_093655.wav,not_meaningful
Audio_Moth_1_20250318_051227.wav,/Users/qian/KWF/Segmented_Foldered/Audio Moth 1/20000_24999/Audio_Moth_1_20250318_051227.wav,meaningful
Audio_Moth_3_20250320_014735.wav,/Users/qian/KWF/Segmented_Foldered/Audio Moth 3/20000_24999/Audio_Moth_3_20250320_014735.wav,not_meaningful
Audio_Moth_3_20250320_025335.wav,/Users/qian/KWF/Segmented_Foldered/Audio Moth 3/20000_24999/Audio_Moth_3_20250320_025335.wav,not_meaningful
Audio_Moth_3_20250320_094449.wav,/Users/qian/KWF/Segmented_Foldered/Audio Moth 3/30000_34999/Audio_Moth_3_20250320_094449.wav,not_meaningful
Audio_Moth_6_20250319_103413.wav,/Users/qian/KWF/Segmented_Foldered/Audio Moth 6/55000_59999/Audio_Moth_6_20250319_103413.wav,not_meaningful
Audio_Moth_3_20250320_041738.wav,/Users/qian/KWF/Segmented_Foldered/Audio Moth 3/20000_24999/Audio_Moth_3_20250320_041738.wav,not_meaningful
Audio_Moth_1_20250318_091839.wav,/Users/qian/KWF/Segmented_Foldered/Audio Moth 1/25000_29999/Audio_Moth_1_20250318_091839.wav,meaningful
Audio_Moth_3_20250321_041802.wav,/Users/qian/KWF/Segmented_Foldered/Audio Moth 3/50000_54999/Audio_Moth_3_20250321_041802.wav,not_meaningful
Audio_Moth_3_20250320_112822.wav,/Users/qian/KWF/Segmented_Foldered/Audio Moth 3/30000_34999/Audio_Moth_3_20250320_112822.wav,not_meaningful
Audio_Moth_3_20250320_033653.wav,/Users/qian/KWF/Segmented_Foldered/Audio Moth 3/20000_24999/Audio_Moth_3_20250320_033653.wav,not_meaningful
Audio_Moth_3_20250321_051002.wav,/Users/qian/KWF/Segmented_Foldered/Audio Moth 3/50000_54999/Audio_Moth_3_20250321_051002.wav,not_meaningful
Audio_Moth_3_20250320_034438.wav,/Users/qian/KWF/Segmented_Foldered/Audio Moth 3/20000_24999/Audio_Moth_3_20250320_034438.wav,not_meaningful
Audio_Moth_3_20250320_041629.wav,/Users/qian/KWF/Segmented_Foldered/Audio Moth 3/20000_24999/Audio_Moth_3_20250320_041629.wav,not_meaningful
Audio_Moth_3_20250320_072404.wav,/Users/qian/KWF/Segmented_Foldered/Audio Moth 3/25000_29999/Audio_Moth_3_20250320_072404.wav,not_meaningful
Audio_Moth_3_20250319_084558.wav,/Users/qian/KWF/Segmented_Foldered/Audio Moth 3/0_4999/Audio_Moth_3_20250319_084558.wav,not_meaningful
Audio_Moth_3_20250320_102552.wav,/Users/qian/KWF/Segmented_Foldered/Audio Moth 3/30000_34999/Audio_Moth_3_20250320_102552.wav,not_meaningful
Audio_Moth_4_20250317_170100.wav,/Users/qian/KWF/Segmented_Foldered/Audio Moth 4/5000_9999/Audio_Moth_4_20250317_170100.wav,not_meaningful
Audio_Moth_3_20250320_021105.wav,/Users/qian/KWF/Segmented_Foldered/Audio Moth 3/20000_24999/Audio_Moth_3_20250320_021105.wav,not_meaningful
Audio_Moth_3_20250320_104704.wav,/Users/qian/KWF/Segmented_Foldered/Audio Moth 3/30000_34999/Audio_Moth_3_20250320_104704.wav,not_meaningful
Audio_Moth_3_20250320_113037.wav,/Users/qian/KWF/Segmented_Foldered/Audio Moth 3/30000_34999/Audio_Moth_3_20250320_113037.wav,not_meaningful
Audio_Moth_3_20250321_050953.wav,/Users/qian/KWF/Segmented_Foldered/Audio Moth 3/50000_54999/Audio_Moth_3_20250321_050953.wav,not_meaningful
Audio_Moth_3_20250319_101401.wav,/Users/qian/KWF/Segmented_Foldered/Audio Moth 3/0_4999/Audio_Moth_3_20250319_101401.wav,not_meaningful
Audio_Moth_3_20250320_012956.wav,/Users/qian/KWF/Segmented_Foldered/Audio Moth 3/20000_24999/Audio_Moth_3_20250320_012956.wav,not_meaningful
Audio_Moth_3_20250319_110104.wav,/Users/qian/KWF/Segmented_Foldered/Audio Moth 3/0_4999/Audio_Moth_3_20250319_110104.wav,not_meaningful
Audio_Moth_6_20250319_122959.wav,/Users/qian/KWF/Segmented_Foldered/Audio Moth 6/55000_59999/Audio_Moth_6_20250319_122959.wav,not_meaningful
Audio_Moth_3_20250320_040305.wav,/Users/qian/KWF/Segmented_Foldered/Audio Moth 3/20000_24999/Audio_Moth_3_20250320_040305.wav,not_meaningful
Audio_Moth_3_20250320_004553.wav,/Users/qian/KWF/Segmented_Foldered/Audio Moth 3/20000_24999/Audio_Moth_3_20250320_004553.wav,not_meaningful
Audio_Moth_1_20250320_105821.wav,/Users/qian/KWF/Segmented_Foldered/Audio Moth 1/85000_89999/Audio_Moth_1_20250320_105821.wav,meaningful
Audio_Moth_6_20250319_101043.wav,/Users/qian/KWF/Segmented_Foldered/Audio Moth 6/55000_59999/Audio_Moth_6_20250319_101043.wav,not_meaningful
Audio_Moth_3_20250320_025647.wav,/Users/qian/KWF/Segmented_Foldered/Audio Moth 3/20000_24999/Audio_Moth_3_20250320_025647.wav,not_meaningful
Audio_Moth_3_20250319_095319.wav,/Users/qian/KWF/Segmented_Foldered/Audio Moth 3/0_4999/Audio_Moth_3_20250319_095319.wav,not_meaningful
Audio_Moth_1_20250317_200400.wav,/Users/qian/KWF/Segmented_Foldered/Audio Moth 1/10000_14999/Audio_Moth_1_20250317_200400.wav,meaningful
Audio_Moth_3_20250320_092152.wav,/Users/qian/KWF/Segmented_Foldered/Audio Moth 3/30000_34999/Audio_Moth_3_20250320_092152.wav,not_meaningful
Audio_Moth_3_20250321_045635.wav,/Users/qian/KWF/Segmented_Foldered/Audio Moth 3/50000_54999/Audio_Moth_3_20250321_045635.wav,not_meaningful
Audio_Moth_2_20250317_164515.wav,/Users/qian/KWF/Segmented_Foldered/Audio Moth 2/5000_9999/Audio_Moth_2_20250317_164515.wav,not_meaningful
Audio_Moth_6_20250319_105834.wav,/Users/qian/KWF/Segmented_Foldered/Audio Moth 6/55000_59999/Audio_Moth_6_20250319_105834.wav,not_meaningful
Audio_Moth_3_20250320_081107.wav,/Users/qian/KWF/Segmented_Foldered/Audio Moth 3/25000_29999/Audio_Moth_3_20250320_081107.wav,not_meaningful
Audio_Moth_3_20250320_015032.wav,/Users/qian/KWF/Segmented_Foldered/Audio Moth 3/20000_24999/Audio_Moth_3_20250320_015032.wav,not_meaningful
Audio_Moth_3_20250319_105619.wav,/Users/qian/KWF/Segmented_Foldered/Audio Moth 3/0_4999/Audio_Moth_3_20250319_105619.wav,not_meaningful
Audio_Moth_3_20250319_133931.wav,/Users/qian/KWF/Segmented_Foldered/Audio Moth 3/5000_9999/Audio_Moth_3_20250319_133931.wav,not_meaningful
Audio_Moth_1_20250320_023430.wav,/Users/qian/KWF/Segmented_Foldered/Audio Moth 1/75000_79999/Audio_Moth_1_20250320_023430.wav,meaningful
Audio_Moth_3_20250320_095755.wav,/Users/qian/KWF/Segmented_Foldered/Audio Moth 3/30000_34999/Audio_Moth_3_20250320_095755.wav,not_meaningful
Audio_Moth_3_20250319_101855.wav,/Users/qian/KWF/Segmented_Foldered/Audio Moth 3/0_4999/Audio_Moth_3_20250319_101855.wav,not_meaningful
Audio_Moth_3_20250320_033550.wav,/Users/qian/KWF/Segmented_Foldered/Audio Moth 3/20000_24999/Audio_Moth_3_20250320_033550.wav,not_meaningful
Audio_Moth_3_20250320_022626.wav,/Users/qian/KWF/Segmented_Foldered/Audio Moth 3/20000_24999/Audio_Moth_3_20250320_022626.wav,not_meaningful
Audio_Moth_3_20250321_055656.wav,/Users/qian/KWF/Segmented_Foldered/Audio Moth 3/55000_59999/Audio_Moth_3_20250321_055656.wav,meaningful
Audio_Moth_6_20250320_094102.wav,/Users/qian/KWF/Segmented_Foldered/Audio Moth 6/80000_84999/Audio_Moth_6_20250320_094102.wav,not_meaningful
Audio_Moth_3_20250320_041426.wav,/Users/qian/KWF/Segmented_Foldered/Audio Moth 3/20000_24999/Audio_Moth_3_20250320_041426.wav,not_meaningful
Audio_Moth_3_20250320_033005.wav,/Users/qian/KWF/Segmented_Foldered/Audio Moth 3/20000_24999/Audio_Moth_3_20250320_033005.wav,not_meaningful
Audio_Moth_3_20250320_093540.wav,/Users/qian/KWF/Segmented_Foldered/Audio Moth 3/30000_34999/Audio_Moth_3_20250320_093540.wav,not_meaningful
Audio_Moth_3_20250320_045547.wav,/Users/qian/KWF/Segmented_Foldered/Audio Moth 3/25000_29999/Audio_Moth_3_20250320_045547.wav,not_meaningful
Audio_Moth_3_20250320_032626.wav,/Users/qian/KWF/Segmented_Foldered/Audio Moth 3/20000_24999/Audio_Moth_3_20250320_032626.wav,not_meaningful
Audio_Moth_1_20250318_205039.wav,/Users/qian/KWF/Segmented_Foldered/Audio Moth 1/40000_44999/Audio_Moth_1_20250318_205039.wav,meaningful
Audio_Moth_3_20250320_033620.wav,/Users/qian/KWF/Segmented_Foldered/Audio Moth 3/20000_24999/Audio_Moth_3_20250320_033620.wav,not_meaningful
Audio_Moth_3_20250321_040205.wav,/Users/qian/KWF/Segmented_Foldered/Audio Moth 3/50000_54999/Audio_Moth_3_20250321_040205.wav,not_meaningful
Audio_Moth_3_20250320_044020.wav,/Users/qian/KWF/Segmented_Foldered/Audio Moth 3/20000_24999/Audio_Moth_3_20250320_044020.wav,not_meaningful
Audio_Moth_3_20250320_042347.wav,/Users/qian/KWF/Segmented_Foldered/Audio Moth 3/20000_24999/Audio_Moth_3_20250320_042347.wav,not_meaningful
Audio_Moth_3_20250320_023805.wav,/Users/qian/KWF/Segmented_Foldered/Audio Moth 3/20000_24999/Audio_Moth_3_20250320_023805.wav,not_meaningful
Audio_Moth_4_20250317_170224.wav,/Users/qian/KWF/Segmented_Foldered/Audio Moth 4/5000_9999/Audio_Moth_4_20250317_170224.wav,not_meaningful
Audio_Moth_3_20250320_035735.wav,/Users/qian/KWF/Segmented_Foldered/Audio Moth 3/20000_24999/Audio_Moth_3_20250320_035735.wav,not_meaningful
Audio_Moth_3_20250320_105210.wav,/Users/qian/KWF/Segmented_Foldered/Audio Moth 3/30000_34999/Audio_Moth_3_20250320_105210.wav,not_meaningful
Audio_Moth_5_20250319_011839.wav,/Users/qian/KWF/Segmented_Foldered/Audio Moth 5/45000_49999/Audio_Moth_5_20250319_011839.wav,meaningful
Audio_Moth_3_20250320_024614.wav,/Users/qian/KWF/Segmented_Foldered/Audio Moth 3/20000_24999/Audio_Moth_3_20250320_024614.wav,not_meaningful
Audio_Moth_3_20250321_045759.wav,/Users/qian/KWF/Segmented_Foldered/Audio Moth 3/50000_54999/Audio_Moth_3_20250321_045759.wav,not_meaningful
Audio_Moth_1_20250317_201624.wav,/Users/qian/KWF/Segmented_Foldered/Audio Moth 1/10000_14999/Audio_Moth_1_20250317_201624.wav,meaningful
Audio_Moth_1_20250319_223539.wav,/Users/qian/KWF/Segmented_Foldered/Audio Moth 1/70000_74999/Audio_Moth_1_20250319_223539.wav,meaningful
Audio_Moth_6_20250318_160149.wav,/Users/qian/KWF/Segmented_Foldered/Audio Moth 6/30000_34999/Audio_Moth_6_20250318_160149.wav,meaningful
Audio_Moth_3_20250319_113210.wav,/Users/qian/KWF/Segmented_Foldered/Audio Moth 3/0_4999/Audio_Moth_3_20250319_113210.wav,not_meaningful
Audio_Moth_1_20250317_170921.wav,/Users/qian/KWF/Segmented_Foldered/Audio Moth 1/5000_9999/Audio_Moth_1_20250317_170921.wav,not_meaningful
Audio_Moth_3_20250320_040120.wav,/Users/qian/KWF/Segmented_Foldered/Audio Moth 3/20000_24999/Audio_Moth_3_20250320_040120.wav,not_meaningful
Audio_Moth_3_20250320_042659.wav,/Users/qian/KWF/Segmented_Foldered/Audio Moth 3/20000_24999/Audio_Moth_3_20250320_042659.wav,not_meaningful
Audio_Moth_3_20250321_041947.wav,/Users/qian/KWF/Segmented_Foldered/Audio Moth 3/50000_54999/Audio_Moth_3_20250321_041947.wav,not_meaningful
Audio_Moth_3_20250320_024502.wav,/Users/qian/KWF/Segmented_Foldered/Audio Moth 3/20000_24999/Audio_Moth_3_20250320_024502.wav,not_meaningful
Audio_Moth_4_20250317_171121.wav,/Users/qian/KWF/Segmented_Foldered/Audio Moth 4/5000_9999/Audio_Moth_4_20250317_171121.wav,not_meaningful
Audio_Moth_3_20250321_042732.wav,/Users/qian/KWF/Segmented_Foldered/Audio Moth 3/50000_54999/Audio_Moth_3_20250321_042732.wav,not_meaningful
Audio_Moth_3_20250320_020959.wav,/Users/qian/KWF/Segmented_Foldered/Audio Moth 3/20000_24999/Audio_Moth_3_20250320_020959.wav,not_meaningful
Audio_Moth_3_20250320_113210.wav,/Users/qian/KWF/Segmented_Foldered/Audio Moth 3/30000_34999/Audio_Moth_3_20250320_113210.wav,not_meaningful
Audio_Moth_6_20250317_172305.wav,/Users/qian/KWF/Segmented_Foldered/Audio Moth 6/5000_9999/Audio_Moth_6_20250317_172305.wav,not_meaningful
Audio_Moth_3_20250319_123449.wav,/Users/qian/KWF/Segmented_Foldered/Audio Moth 3/5000_9999/Audio_Moth_3_20250319_123449.wav,not_meaningful
Audio_Moth_5_20250320_040526.wav,/Users/qian/KWF/Segmented_Foldered/Audio Moth 5/75000_79999/Audio_Moth_5_20250320_040526.wav,meaningful
Audio_Moth_1_20250317_164833.wav,/Users/qian/KWF/Segmented_Foldered/Audio Moth 1/5000_9999/Audio_Moth_1_20250317_164833.wav,not_meaningful
Audio_Moth_3_20250319_104958.wav,/Users/qian/KWF/Segmented_Foldered/Audio Moth 3/0_4999/Audio_Moth_3_20250319_104958.wav,not_meaningful
Audio_Moth_3_20250320_112149.wav,/Users/qian/KWF/Segmented_Foldered/Audio Moth 3/30000_34999/Audio_Moth_3_20250320_112149.wav,not_meaningful
Audio_Moth_2_20250317_171545.wav,/Users/qian/KWF/Segmented_Foldered/Audio Moth 2/5000_9999/Audio_Moth_2_20250317_171545.wav,not_meaningful
Audio_Moth_3_20250320_042356.wav,/Users/qian/KWF/Segmented_Foldered/Audio Moth 3/20000_24999/Audio_Moth_3_20250320_042356.wav,not_meaningful
Audio_Moth_3_20250320_101237.wav,/Users/qian/KWF/Segmented_Foldered/Audio Moth 3/30000_34999/Audio_Moth_3_20250320_101237.wav,not_meaningful
Audio_Moth_3_20250320_050202.wav,/Users/qian/KWF/Segmented_Foldered/Audio Moth 3/25000_29999/Audio_Moth_3_20250320_050202.wav,not_meaningful
Audio_Moth_1_20250320_032909.wav,/Users/qian/KWF/Segmented_Foldered/Audio Moth 1/75000_79999/Audio_Moth_1_20250320_032909.wav,meaningful
Audio_Moth_2_20250318_103349.wav,/Users/qian/KWF/Segmented_Foldered/Audio Moth 2/25000_29999/Audio_Moth_2_20250318_103349.wav,meaningful
Audio_Moth_2_20250317_171700.wav,/Users/qian/KWF/Segmented_Foldered/Audio Moth 2/5000_9999/Audio_Moth_2_20250317_171700.wav,not_meaningful
Audio_Moth_3_20250321_040305.wav,/Users/qian/KWF/Segmented_Foldered/Audio Moth 3/50000_54999/Audio_Moth_3_20250321_040305.wav,not_meaningful
Audio_Moth_3_20250320_102055.wav,/Users/qian/KWF/Segmented_Foldered/Audio Moth 3/30000_34999/Audio_Moth_3_20250320_102055.wav,not_meaningful
Audio_Moth_5_20250320_063732.wav,/Users/qian/KWF/Segmented_Foldered/Audio Moth 5/80000_84999/Audio_Moth_5_20250320_063732.wav,meaningful
Audio_Moth_3_20250320_082631.wav,/Users/qian/KWF/Segmented_Foldered/Audio Moth 3/25000_29999/Audio_Moth_3_20250320_082631.wav,not_meaningful
Audio_Moth_2_20250319_001438.wav,/Users/qian/KWF/Segmented_Foldered/Audio Moth 2/45000_49999/Audio_Moth_2_20250319_001438.wav,meaningful
Audio_Moth_3_20250320_051226.wav,/Users/qian/KWF/Segmented_Foldered/Audio Moth 3/25000_29999/Audio_Moth_3_20250320_051226.wav,not_meaningful
Audio_Moth_3_20250320_101907.wav,/Users/qian/KWF/Segmented_Foldered/Audio Moth 3/30000_34999/Audio_Moth_3_20250320_101907.wav,not_meaningful
Audio_Moth_1_20250318_023942.wav,/Users/qian/KWF/Segmented_Foldered/Audio Moth 1/20000_24999/Audio_Moth_1_20250318_023942.wav,meaningful
Audio_Moth_1_20250319_093345.wav,/Users/qian/KWF/Segmented_Foldered/Audio Moth 1/55000_59999/Audio_Moth_1_20250319_093345.wav,not_meaningful
Audio_Moth_3_20250320_023905.wav,/Users/qian/KWF/Segmented_Foldered/Audio Moth 3/20000_24999/Audio_Moth_3_20250320_023905.wav,not_meaningful
Audio_Moth_3_20250320_040644.wav,/Users/qian/KWF/Segmented_Foldered/Audio Moth 3/20000_24999/Audio_Moth_3_20250320_040644.wav,not_meaningful
Audio_Moth_6_20250319_105358.wav,/Users/qian/KWF/Segmented_Foldered/Audio Moth 6/55000_59999/Audio_Moth_6_20250319_105358.wav,not_meaningful
Audio_Moth_3_20250319_100528.wav,/Users/qian/KWF/Segmented_Foldered/Audio Moth 3/0_4999/Audio_Moth_3_20250319_100528.wav,not_meaningful
Audio_Moth_2_20250317_172348.wav,/Users/qian/KWF/Segmented_Foldered/Audio Moth 2/5000_9999/Audio_Moth_2_20250317_172348.wav,not_meaningful
Audio_Moth_3_20250319_103201.wav,/Users/qian/KWF/Segmented_Foldered/Audio Moth 3/0_4999/Audio_Moth_3_20250319_103201.wav,not_meaningful
Audio_Moth_3_20250320_043123.wav,/Users/qian/KWF/Segmented_Foldered/Audio Moth 3/20000_24999/Audio_Moth_3_20250320_043123.wav,not_meaningful
Audio_Moth_3_20250321_051459.wav,/Users/qian/KWF/Segmented_Foldered/Audio Moth 3/50000_54999/Audio_Moth_3_20250321_051459.wav,not_meaningful
Audio_Moth_1_20250320_225639.wav,/Users/qian/KWF/Segmented_Foldered/Audio Moth 1/100000_104999/Audio_Moth_1_20250320_225639.wav,meaningful
Audio_Moth_3_20250319_103440.wav,/Users/qian/KWF/Segmented_Foldered/Audio Moth 3/0_4999/Audio_Moth_3_20250319_103440.wav,not_meaningful
Audio_Moth_3_20250320_044729.wav,/Users/qian/KWF/Segmented_Foldered/Audio Moth 3/20000_24999/Audio_Moth_3_20250320_044729.wav,not_meaningful
Audio_Moth_3_20250319_101622.wav,/Users/qian/KWF/Segmented_Foldered/Audio Moth 3/0_4999/Audio_Moth_3_20250319_101622.wav,not_meaningful
Audio_Moth_1_20250321_003942.wav,/Users/qian/KWF/Segmented_Foldered/Audio Moth 1/100000_104999/Audio_Moth_1_20250321_003942.wav,meaningful
Audio_Moth_3_20250320_050917.wav,/Users/qian/KWF/Segmented_Foldered/Audio Moth 3/25000_29999/Audio_Moth_3_20250320_050917.wav,not_meaningful
Audio_Moth_3_20250320_081125.wav,/Users/qian/KWF/Segmented_Foldered/Audio Moth 3/25000_29999/Audio_Moth_3_20250320_081125.wav,not_meaningful
Audio_Moth_3_20250320_145534.wav,/Users/qian/KWF/Segmented_Foldered/Audio Moth 3/35000_39999/Audio_Moth_3_20250320_145534.wav,not_meaningful
Audio_Moth_1_20250319_040506.wav,/Users/qian/KWF/Segmented_Foldered/Audio Moth 1/50000_54999/Audio_Moth_1_20250319_040506.wav,meaningful
Audio_Moth_4_20250319_113954.wav,/Users/qian/KWF/Segmented_Foldered/Audio Moth 4/55000_59999/Audio_Moth_4_20250319_113954.wav,not_meaningful
Audio_Moth_3_20250320_041438.wav,/Users/qian/KWF/Segmented_Foldered/Audio Moth 3/20000_24999/Audio_Moth_3_20250320_041438.wav,not_meaningful
Audio_Moth_1_20250317_164327.wav,/Users/qian/KWF/Segmented_Foldered/Audio Moth 1/5000_9999/Audio_Moth_1_20250317_164327.wav,not_meaningful
Audio_Moth_3_20250321_051259.wav,/Users/qian/KWF/Segmented_Foldered/Audio Moth 3/50000_54999/Audio_Moth_3_20250321_051259.wav,not_meaningful
Audio_Moth_3_20250320_012650.wav,/Users/qian/KWF/Segmented_Foldered/Audio Moth 3/20000_24999/Audio_Moth_3_20250320_012650.wav,not_meaningful
Audio_Moth_3_20250319_091516.wav,/Users/qian/KWF/Segmented_Foldered/Audio Moth 3/0_4999/Audio_Moth_3_20250319_091516.wav,not_meaningful
Audio_Moth_2_20250317_171609.wav,/Users/qian/KWF/Segmented_Foldered/Audio Moth 2/5000_9999/Audio_Moth_2_20250317_171609.wav,not_meaningful
Audio_Moth_6_20250319_062029.wav,/Users/qian/KWF/Segmented_Foldered/Audio Moth 6/50000_54999/Audio_Moth_6_20250319_062029.wav,meaningful
Audio_Moth_3_20250321_043653.wav,/Users/qian/KWF/Segmented_Foldered/Audio Moth 3/50000_54999/Audio_Moth_3_20250321_043653.wav,not_meaningful
Audio_Moth_3_20250320_022844.wav,/Users/qian/KWF/Segmented_Foldered/Audio Moth 3/20000_24999/Audio_Moth_3_20250320_022844.wav,not_meaningful
Audio_Moth_3_20250321_041850.wav,/Users/qian/KWF/Segmented_Foldered/Audio Moth 3/50000_54999/Audio_Moth_3_20250321_041850.wav,not_meaningful
Audio_Moth_3_20250321_045650.wav,/Users/qian/KWF/Segmented_Foldered/Audio Moth 3/50000_54999/Audio_Moth_3_20250321_045650.wav,not_meaningful
Audio_Moth_3_20250320_034653.wav,/Users/qian/KWF/Segmented_Foldered/Audio Moth 3/20000_24999/Audio_Moth_3_20250320_034653.wav,not_meaningful
Audio_Moth_5_20250317_122151.wav,/Users/qian/KWF/Segmented_Foldered/Audio Moth 5/0_4999/Audio_Moth_5_20250317_122151.wav,not_meaningful
Audio_Moth_6_20250317_171111.wav,/Users/qian/KWF/Segmented_Foldered/Audio Moth 6/5000_9999/Audio_Moth_6_20250317_171111.wav,not_meaningful
Audio_Moth_3_20250320_011047.wav,/Users/qian/KWF/Segmented_Foldered/Audio Moth 3/20000_24999/Audio_Moth_3_20250320_011047.wav,not_meaningful
Audio_Moth_3_20250320_042808.wav,/Users/qian/KWF/Segmented_Foldered/Audio Moth 3/20000_24999/Audio_Moth_3_20250320_042808.wav,not_meaningful
Audio_Moth_1_20250317_172048.wav,/Users/qian/KWF/Segmented_Foldered/Audio Moth 1/5000_9999/Audio_Moth_1_20250317_172048.wav,not_meaningful
Audio_Moth_1_20250317_235830.wav,/Users/qian/KWF/Segmented_Foldered/Audio Moth 1/15000_19999/Audio_Moth_1_20250317_235830.wav,meaningful
Audio_Moth_3_20250320_044935.wav,/Users/qian/KWF/Segmented_Foldered/Audio Moth 3/20000_24999/Audio_Moth_3_20250320_044935.wav,not_meaningful
Audio_Moth_3_20250320_022005.wav,/Users/qian/KWF/Segmented_Foldered/Audio Moth 3/20000_24999/Audio_Moth_3_20250320_022005.wav,not_meaningful
Audio_Moth_2_20250317_170709.wav,/Users/qian/KWF/Segmented_Foldered/Audio Moth 2/5000_9999/Audio_Moth_2_20250317_170709.wav,not_meaningful
Audio_Moth_3_20250320_043917.wav,/Users/qian/KWF/Segmented_Foldered/Audio Moth 3/20000_24999/Audio_Moth_3_20250320_043917.wav,not_meaningful
Audio_Moth_1_20250320_095236.wav,/Users/qian/KWF/Segmented_Foldered/Audio Moth 1/85000_89999/Audio_Moth_1_20250320_095236.wav,not_meaningful
Audio_Moth_3_20250320_101328.wav,/Users/qian/KWF/Segmented_Foldered/Audio Moth 3/30000_34999/Audio_Moth_3_20250320_101328.wav,not_meaningful
Audio_Moth_3_20250320_014826.wav,/Users/qian/KWF/Segmented_Foldered/Audio Moth 3/20000_24999/Audio_Moth_3_20250320_014826.wav,not_meaningful
Audio_Moth_3_20250320_012938.wav,/Users/qian/KWF/Segmented_Foldered/Audio Moth 3/20000_24999/Audio_Moth_3_20250320_012938.wav,not_meaningful
Audio_Moth_4_20250318_192257.wav,/Users/qian/KWF/Segmented_Foldered/Audio Moth 4/35000_39999/Audio_Moth_4_20250318_192257.wav,meaningful
Audio_Moth_2_20250320_071550.wav,/Users/qian/KWF/Segmented_Foldered/Audio Moth 2/80000_84999/Audio_Moth_2_20250320_071550.wav,meaningful
Audio_Moth_3_20250320_013429.wav,/Users/qian/KWF/Segmented_Foldered/Audio Moth 3/20000_24999/Audio_Moth_3_20250320_013429.wav,not_meaningful
Audio_Moth_2_20250317_171536.wav,/Users/qian/KWF/Segmented_Foldered/Audio Moth 2/5000_9999/Audio_Moth_2_20250317_171536.wav,not_meaningful
Audio_Moth_3_20250319_105631.wav,/Users/qian/KWF/Segmented_Foldered/Audio Moth 3/0_4999/Audio_Moth_3_20250319_105631.wav,not_meaningful
Audio_Moth_2_20250317_165330.wav,/Users/qian/KWF/Segmented_Foldered/Audio Moth 2/5000_9999/Audio_Moth_2_20250317_165330.wav,not_meaningful
Audio_Moth_3_20250321_045011.wav,/Users/qian/KWF/Segmented_Foldered/Audio Moth 3/50000_54999/Audio_Moth_3_20250321_045011.wav,not_meaningful
Audio_Moth_2_20250317_151251.wav,/Users/qian/KWF/Segmented_Foldered/Audio Moth 2/5000_9999/Audio_Moth_2_20250317_151251.wav,meaningful
Audio_Moth_1_20250317_120812.wav,/Users/qian/KWF/Segmented_Foldered/Audio Moth 1/0_4999/Audio_Moth_1_20250317_120812.wav,meaningful
Audio_Moth_3_20250320_082043.wav,/Users/qian/KWF/Segmented_Foldered/Audio Moth 3/25000_29999/Audio_Moth_3_20250320_082043.wav,not_meaningful
Audio_Moth_3_20250321_035417.wav,/Users/qian/KWF/Segmented_Foldered/Audio Moth 3/50000_54999/Audio_Moth_3_20250321_035417.wav,not_meaningful
Audio_Moth_3_20250320_082210.wav,/Users/qian/KWF/Segmented_Foldered/Audio Moth 3/25000_29999/Audio_Moth_3_20250320_082210.wav,not_meaningful
Audio_Moth_5_20250317_170754.wav,/Users/qian/KWF/Segmented_Foldered/Audio Moth 5/5000_9999/Audio_Moth_5_20250317_170754.wav,not_meaningful
Audio_Moth_1_20250317_170515.wav,/Users/qian/KWF/Segmented_Foldered/Audio Moth 1/5000_9999/Audio_Moth_1_20250317_170515.wav,not_meaningful
Audio_Moth_3_20250320_113110.wav,/Users/qian/KWF/Segmented_Foldered/Audio Moth 3/30000_34999/Audio_Moth_3_20250320_113110.wav,not_meaningful
Audio_Moth_1_20250319_031654.wav,/Users/qian/KWF/Segmented_Foldered/Audio Moth 1/50000_54999/Audio_Moth_1_20250319_031654.wav,meaningful
Audio_Moth_3_20250320_105513.wav,/Users/qian/KWF/Segmented_Foldered/Audio Moth 3/30000_34999/Audio_Moth_3_20250320_105513.wav,not_meaningful
Audio_Moth_3_20250320_092519.wav,/Users/qian/KWF/Segmented_Foldered/Audio Moth 3/30000_34999/Audio_Moth_3_20250320_092519.wav,not_meaningful
Audio_Moth_3_20250319_093737.wav,/Users/qian/KWF/Segmented_Foldered/Audio Moth 3/0_4999/Audio_Moth_3_20250319_093737.wav,not_meaningful
Audio_Moth_6_20250320_104532.wav,/Users/qian/KWF/Segmented_Foldered/Audio Moth 6/80000_84999/Audio_Moth_6_20250320_104532.wav,not_meaningful
Audio_Moth_3_20250320_025247.wav,/Users/qian/KWF/Segmented_Foldered/Audio Moth 3/20000_24999/Audio_Moth_3_20250320_025247.wav,not_meaningful
Audio_Moth_1_20250319_212318.wav,/Users/qian/KWF/Segmented_Foldered/Audio Moth 1/70000_74999/Audio_Moth_1_20250319_212318.wav,meaningful
Audio_Moth_1_20250317_173106.wav,/Users/qian/KWF/Segmented_Foldered/Audio Moth 1/5000_9999/Audio_Moth_1_20250317_173106.wav,not_meaningful
Audio_Moth_6_20250317_172544.wav,/Users/qian/KWF/Segmented_Foldered/Audio Moth 6/5000_9999/Audio_Moth_6_20250317_172544.wav,not_meaningful
Audio_Moth_3_20250320_044902.wav,/Users/qian/KWF/Segmented_Foldered/Audio Moth 3/20000_24999/Audio_Moth_3_20250320_044902.wav,not_meaningful
Audio_Moth_3_20250320_022405.wav,/Users/qian/KWF/Segmented_Foldered/Audio Moth 3/20000_24999/Audio_Moth_3_20250320_022405.wav,not_meaningful
Audio_Moth_3_20250320_005250.wav,/Users/qian/KWF/Segmented_Foldered/Audio Moth 3/20000_24999/Audio_Moth_3_20250320_005250.wav,not_meaningful
Audio_Moth_5_20250317_170403.wav,/Users/qian/KWF/Segmented_Foldered/Audio Moth 5/5000_9999/Audio_Moth_5_20250317_170403.wav,not_meaningful
Audio_Moth_3_20250320_095255.wav,/Users/qian/KWF/Segmented_Foldered/Audio Moth 3/30000_34999/Audio_Moth_3_20250320_095255.wav,not_meaningful
Audio_Moth_3_20250320_012635.wav,/Users/qian/KWF/Segmented_Foldered/Audio Moth 3/20000_24999/Audio_Moth_3_20250320_012635.wav,not_meaningful
Audio_Moth_3_20250320_051029.wav,/Users/qian/KWF/Segmented_Foldered/Audio Moth 3/25000_29999/Audio_Moth_3_20250320_051029.wav,not_meaningful
Audio_Moth_3_20250321_045229.wav,/Users/qian/KWF/Segmented_Foldered/Audio Moth 3/50000_54999/Audio_Moth_3_20250321_045229.wav,not_meaningful
Audio_Moth_3_20250320_023241.wav,/Users/qian/KWF/Segmented_Foldered/Audio Moth 3/20000_24999/Audio_Moth_3_20250320_023241.wav,not_meaningful
Audio_Moth_3_20250320_040332.wav,/Users/qian/KWF/Segmented_Foldered/Audio Moth 3/20000_24999/Audio_Moth_3_20250320_040332.wav,not_meaningful
Audio_Moth_3_20250319_085346.wav,/Users/qian/KWF/Segmented_Foldered/Audio Moth 3/0_4999/Audio_Moth_3_20250319_085346.wav,not_meaningful
Audio_Moth_1_20250317_172548.wav,/Users/qian/KWF/Segmented_Foldered/Audio Moth 1/5000_9999/Audio_Moth_1_20250317_172548.wav,not_meaningful
Audio_Moth_3_20250320_023014.wav,/Users/qian/KWF/Segmented_Foldered/Audio Moth 3/20000_24999/Audio_Moth_3_20250320_023014.wav,not_meaningful
Audio_Moth_3_20250319_131837.wav,/Users/qian/KWF/Segmented_Foldered/Audio Moth 3/5000_9999/Audio_Moth_3_20250319_131837.wav,not_meaningful
Audio_Moth_3_20250320_050141.wav,/Users/qian/KWF/Segmented_Foldered/Audio Moth 3/25000_29999/Audio_Moth_3_20250320_050141.wav,not_meaningful
Audio_Moth_3_20250319_110131.wav,/Users/qian/KWF/Segmented_Foldered/Audio Moth 3/0_4999/Audio_Moth_3_20250319_110131.wav,not_meaningful
Audio_Moth_5_20250317_210020.wav,/Users/qian/KWF/Segmented_Foldered/Audio Moth 5/10000_14999/Audio_Moth_5_20250317_210020.wav,meaningful
Audio_Moth_3_20250319_084522.wav,/Users/qian/KWF/Segmented_Foldered/Audio Moth 3/0_4999/Audio_Moth_3_20250319_084522.wav,not_meaningful
Audio_Moth_6_20250317_115502.wav,/Users/qian/KWF/Segmented_Foldered/Audio Moth 6/0_4999/Audio_Moth_6_20250317_115502.wav,not_meaningful
Audio_Moth_3_20250319_081058.wav,/Users/qian/KWF/Segmented_Foldered/Audio Moth 3/0_4999/Audio_Moth_3_20250319_081058.wav,not_meaningful
Audio_Moth_1_20250317_171006.wav,/Users/qian/KWF/Segmented_Foldered/Audio Moth 1/5000_9999/Audio_Moth_1_20250317_171006.wav,not_meaningful
Audio_Moth_3_20250320_021156.wav,/Users/qian/KWF/Segmented_Foldered/Audio Moth 3/20000_24999/Audio_Moth_3_20250320_021156.wav,not_meaningful
Audio_Moth_3_20250321_033626.wav,/Users/qian/KWF/Segmented_Foldered/Audio Moth 3/50000_54999/Audio_Moth_3_20250321_033626.wav,not_meaningful
Audio_Moth_6_20250320_100335.wav,/Users/qian/KWF/Segmented_Foldered/Audio Moth 6/80000_84999/Audio_Moth_6_20250320_100335.wav,not_meaningful
Audio_Moth_3_20250320_020556.wav,/Users/qian/KWF/Segmented_Foldered/Audio Moth 3/20000_24999/Audio_Moth_3_20250320_020556.wav,not_meaningful
Audio_Moth_3_20250320_044959.wav,/Users/qian/KWF/Segmented_Foldered/Audio Moth 3/20000_24999/Audio_Moth_3_20250320_044959.wav,not_meaningful
Audio_Moth_3_20250321_043602.wav,/Users/qian/KWF/Segmented_Foldered/Audio Moth 3/50000_54999/Audio_Moth_3_20250321_043602.wav,not_meaningful
Audio_Moth_2_20250317_132606.wav,/Users/qian/KWF/Segmented_Foldered/Audio Moth 2/0_4999/Audio_Moth_2_20250317_132606.wav,meaningful
Audio_Moth_5_20250317_172248.wav,/Users/qian/KWF/Segmented_Foldered/Audio Moth 5/5000_9999/Audio_Moth_5_20250317_172248.wav,not_meaningful
Audio_Moth_3_20250320_084725.wav,/Users/qian/KWF/Segmented_Foldered/Audio Moth 3/25000_29999/Audio_Moth_3_20250320_084725.wav,not_meaningful
Audio_Moth_3_20250320_115422.wav,/Users/qian/KWF/Segmented_Foldered/Audio Moth 3/30000_34999/Audio_Moth_3_20250320_115422.wav,not_meaningful
Audio_Moth_3_20250320_085037.wav,/Users/qian/KWF/Segmented_Foldered/Audio Moth 3/25000_29999/Audio_Moth_3_20250320_085037.wav,not_meaningful
Audio_Moth_4_20250317_172345.wav,/Users/qian/KWF/Segmented_Foldered/Audio Moth 4/5000_9999/Audio_Moth_4_20250317_172345.wav,not_meaningful
Audio_Moth_3_20250320_044108.wav,/Users/qian/KWF/Segmented_Foldered/Audio Moth 3/20000_24999/Audio_Moth_3_20250320_044108.wav,not_meaningful
Audio_Moth_3_20250320_021638.wav,/Users/qian/KWF/Segmented_Foldered/Audio Moth 3/20000_24999/Audio_Moth_3_20250320_021638.wav,not_meaningful
Audio_Moth_3_20250320_011232.wav,/Users/qian/KWF/Segmented_Foldered/Audio Moth 3/20000_24999/Audio_Moth_3_20250320_011232.wav,not_meaningful
Audio_Moth_3_20250320_091401.wav,/Users/qian/KWF/Segmented_Foldered/Audio Moth 3/30000_34999/Audio_Moth_3_20250320_091401.wav,not_meaningful
Audio_Moth_4_20250317_170021.wav,/Users/qian/KWF/Segmented_Foldered/Audio Moth 4/5000_9999/Audio_Moth_4_20250317_170021.wav,not_meaningful
Audio_Moth_1_20250318_112106.wav,/Users/qian/KWF/Segmented_Foldered/Audio Moth 1/30000_34999/Audio_Moth_1_20250318_112106.wav,meaningful
Audio_Moth_3_20250321_034905.wav,/Users/qian/KWF/Segmented_Foldered/Audio Moth 3/50000_54999/Audio_Moth_3_20250321_034905.wav,not_meaningful
Audio_Moth_3_20250319_171540.wav,/Users/qian/KWF/Segmented_Foldered/Audio Moth 3/10000_14999/Audio_Moth_3_20250319_171540.wav,meaningful
Audio_Moth_3_20250319_085916.wav,/Users/qian/KWF/Segmented_Foldered/Audio Moth 3/0_4999/Audio_Moth_3_20250319_085916.wav,not_meaningful
Audio_Moth_6_20250321_004629.wav,/Users/qian/KWF/Segmented_Foldered/Audio Moth 6/100000_104999/Audio_Moth_6_20250321_004629.wav,meaningful
Audio_Moth_3_20250320_010820.wav,/Users/qian/KWF/Segmented_Foldered/Audio Moth 3/20000_24999/Audio_Moth_3_20250320_010820.wav,not_meaningful
Audio_Moth_5_20250319_122059.wav,/Users/qian/KWF/Segmented_Foldered/Audio Moth 5/55000_59999/Audio_Moth_5_20250319_122059.wav,meaningful
Audio_Moth_3_20250319_101004.wav,/Users/qian/KWF/Segmented_Foldered/Audio Moth 3/0_4999/Audio_Moth_3_20250319_101004.wav,not_meaningful
Audio_Moth_3_20250320_095822.wav,/Users/qian/KWF/Segmented_Foldered/Audio Moth 3/30000_34999/Audio_Moth_3_20250320_095822.wav,not_meaningful
Audio_Moth_3_20250320_081628.wav,/Users/qian/KWF/Segmented_Foldered/Audio Moth 3/25000_29999/Audio_Moth_3_20250320_081628.wav,not_meaningful
Audio_Moth_3_20250320_095519.wav,/Users/qian/KWF/Segmented_Foldered/Audio Moth 3/30000_34999/Audio_Moth_3_20250320_095519.wav,not_meaningful
Audio_Moth_2_20250319_063319.wav,/Users/qian/KWF/Segmented_Foldered/Audio Moth 2/50000_54999/Audio_Moth_2_20250319_063319.wav,meaningful
Audio_Moth_2_20250319_133907.wav,/Users/qian/KWF/Segmented_Foldered/Audio Moth 2/60000_64999/Audio_Moth_2_20250319_133907.wav,meaningful
Audio_Moth_4_20250317_164739.wav,/Users/qian/KWF/Segmented_Foldered/Audio Moth 4/5000_9999/Audio_Moth_4_20250317_164739.wav,not_meaningful
Audio_Moth_2_20250320_074341.wav,/Users/qian/KWF/Segmented_Foldered/Audio Moth 2/80000_84999/Audio_Moth_2_20250320_074341.wav,meaningful
Audio_Moth_1_20250320_092839.wav,/Users/qian/KWF/Segmented_Foldered/Audio Moth 1/85000_89999/Audio_Moth_1_20250320_092839.wav,not_meaningful
Audio_Moth_3_20250319_081104.wav,/Users/qian/KWF/Segmented_Foldered/Audio Moth 3/0_4999/Audio_Moth_3_20250319_081104.wav,not_meaningful
Audio_Moth_3_20250319_084525.wav,/Users/qian/KWF/Segmented_Foldered/Audio Moth 3/0_4999/Audio_Moth_3_20250319_084525.wav,not_meaningful
Audio_Moth_1_20250319_012939.wav,/Users/qian/KWF/Segmented_Foldered/Audio Moth 1/45000_49999/Audio_Moth_1_20250319_012939.wav,meaningful
Audio_Moth_3_20250320_030123.wav,/Users/qian/KWF/Segmented_Foldered/Audio Moth 3/20000_24999/Audio_Moth_3_20250320_030123.wav,not_meaningful
Audio_Moth_3_20250320_010105.wav,/Users/qian/KWF/Segmented_Foldered/Audio Moth 3/20000_24999/Audio_Moth_3_20250320_010105.wav,not_meaningful
Audio_Moth_3_20250319_170410.wav,/Users/qian/KWF/Segmented_Foldered/Audio Moth 3/10000_14999/Audio_Moth_3_20250319_170410.wav,meaningful
Audio_Moth_3_20250320_100137.wav,/Users/qian/KWF/Segmented_Foldered/Audio Moth 3/30000_34999/Audio_Moth_3_20250320_100137.wav,not_meaningful
Audio_Moth_5_20250320_124532.wav,/Users/qian/KWF/Segmented_Foldered/Audio Moth 5/85000_89999/Audio_Moth_5_20250320_124532.wav,meaningful
Audio_Moth_2_20250317_171500.wav,/Users/qian/KWF/Segmented_Foldered/Audio Moth 2/5000_9999/Audio_Moth_2_20250317_171500.wav,not_meaningful
Audio_Moth_1_20250317_170657.wav,/Users/qian/KWF/Segmented_Foldered/Audio Moth 1/5000_9999/Audio_Moth_1_20250317_170657.wav,not_meaningful
Audio_Moth_3_20250320_091858.wav,/Users/qian/KWF/Segmented_Foldered/Audio Moth 3/30000_34999/Audio_Moth_3_20250320_091858.wav,not_meaningful
Audio_Moth_2_20250319_175434.wav,/Users/qian/KWF/Segmented_Foldered/Audio Moth 2/65000_69999/Audio_Moth_2_20250319_175434.wav,meaningful
Audio_Moth_2_20250317_171730.wav,/Users/qian/KWF/Segmented_Foldered/Audio Moth 2/5000_9999/Audio_Moth_2_20250317_171730.wav,not_meaningful
Audio_Moth_3_20250320_043650.wav,/Users/qian/KWF/Segmented_Foldered/Audio Moth 3/20000_24999/Audio_Moth_3_20250320_043650.wav,not_meaningful
Audio_Moth_5_20250318_201700.wav,/Users/qian/KWF/Segmented_Foldered/Audio Moth 5/35000_39999/Audio_Moth_5_20250318_201700.wav,meaningful
Audio_Moth_1_20250319_042657.wav,/Users/qian/KWF/Segmented_Foldered/Audio Moth 1/50000_54999/Audio_Moth_1_20250319_042657.wav,meaningful
Audio_Moth_3_20250319_103246.wav,/Users/qian/KWF/Segmented_Foldered/Audio Moth 3/0_4999/Audio_Moth_3_20250319_103246.wav,not_meaningful
Audio_Moth_1_20250320_220703.wav,/Users/qian/KWF/Segmented_Foldered/Audio Moth 1/100000_104999/Audio_Moth_1_20250320_220703.wav,meaningful
Audio_Moth_3_20250320_094822.wav,/Users/qian/KWF/Segmented_Foldered/Audio Moth 3/30000_34999/Audio_Moth_3_20250320_094822.wav,not_meaningful
Audio_Moth_1_20250319_092942.wav,/Users/qian/KWF/Segmented_Foldered/Audio Moth 1/55000_59999/Audio_Moth_1_20250319_092942.wav,meaningful
Audio_Moth_2_20250318_135440.wav,/Users/qian/KWF/Segmented_Foldered/Audio Moth 2/30000_34999/Audio_Moth_2_20250318_135440.wav,meaningful
Audio_Moth_3_20250319_103631.wav,/Users/qian/KWF/Segmented_Foldered/Audio Moth 3/0_4999/Audio_Moth_3_20250319_103631.wav,not_meaningful
Audio_Moth_1_20250318_034548.wav,/Users/qian/KWF/Segmented_Foldered/Audio Moth 1/20000_24999/Audio_Moth_1_20250318_034548.wav,meaningful
Audio_Moth_2_20250318_074122.wav,/Users/qian/KWF/Segmented_Foldered/Audio Moth 2/25000_29999/Audio_Moth_2_20250318_074122.wav,meaningful
Audio_Moth_3_20250320_023338.wav,/Users/qian/KWF/Segmented_Foldered/Audio Moth 3/20000_24999/Audio_Moth_3_20250320_023338.wav,not_meaningful
Audio_Moth_5_20250319_205038.wav,/Users/qian/KWF/Segmented_Foldered/Audio Moth 5/65000_69999/Audio_Moth_5_20250319_205038.wav,meaningful
Audio_Moth_3_20250320_005038.wav,/Users/qian/KWF/Segmented_Foldered/Audio Moth 3/20000_24999/Audio_Moth_3_20250320_005038.wav,not_meaningful
Audio_Moth_4_20250318_052332.wav,/Users/qian/KWF/Segmented_Foldered/Audio Moth 4/20000_24999/Audio_Moth_4_20250318_052332.wav,meaningful
Audio_Moth_4_20250317_165000.wav,/Users/qian/KWF/Segmented_Foldered/Audio Moth 4/5000_9999/Audio_Moth_4_20250317_165000.wav,not_meaningful
Audio_Moth_3_20250320_041132.wav,/Users/qian/KWF/Segmented_Foldered/Audio Moth 3/20000_24999/Audio_Moth_3_20250320_041132.wav,not_meaningful
Audio_Moth_1_20250321_011648.wav,/Users/qian/KWF/Segmented_Foldered/Audio Moth 1/105000_109999/Audio_Moth_1_20250321_011648.wav,meaningful
Audio_Moth_2_20250317_172415.wav,/Users/qian/KWF/Segmented_Foldered/Audio Moth 2/5000_9999/Audio_Moth_2_20250317_172415.wav,not_meaningful
Audio_Moth_3_20250320_024605.wav,/Users/qian/KWF/Segmented_Foldered/Audio Moth 3/20000_24999/Audio_Moth_3_20250320_024605.wav,not_meaningful
Audio_Moth_5_20250320_112305.wav,/Users/qian/KWF/Segmented_Foldered/Audio Moth 5/85000_89999/Audio_Moth_5_20250320_112305.wav,not_meaningful
Audio_Moth_6_20250318_111734.wav,/Users/qian/KWF/Segmented_Foldered/Audio Moth 6/25000_29999/Audio_Moth_6_20250318_111734.wav,not_meaningful
Audio_Moth_3_20250320_113031.wav,/Users/qian/KWF/Segmented_Foldered/Audio Moth 3/30000_34999/Audio_Moth_3_20250320_113031.wav,not_meaningful
Audio_Moth_3_20250321_040429.wav,/Users/qian/KWF/Segmented_Foldered/Audio Moth 3/50000_54999/Audio_Moth_3_20250321_040429.wav,not_meaningful
Audio_Moth_3_20250319_105840.wav,/Users/qian/KWF/Segmented_Foldered/Audio Moth 3/0_4999/Audio_Moth_3_20250319_105840.wav,not_meaningful
Audio_Moth_3_20250320_084210.wav,/Users/qian/KWF/Segmented_Foldered/Audio Moth 3/25000_29999/Audio_Moth_3_20250320_084210.wav,not_meaningful
Audio_Moth_3_20250320_102601.wav,/Users/qian/KWF/Segmented_Foldered/Audio Moth 3/30000_34999/Audio_Moth_3_20250320_102601.wav,not_meaningful
Audio_Moth_3_20250320_030535.wav,/Users/qian/KWF/Segmented_Foldered/Audio Moth 3/20000_24999/Audio_Moth_3_20250320_030535.wav,not_meaningful
Audio_Moth_3_20250320_041235.wav,/Users/qian/KWF/Segmented_Foldered/Audio Moth 3/20000_24999/Audio_Moth_3_20250320_041235.wav,not_meaningful
Audio_Moth_5_20250317_171151.wav,/Users/qian/KWF/Segmented_Foldered/Audio Moth 5/5000_9999/Audio_Moth_5_20250317_171151.wav,not_meaningful
Audio_Moth_3_20250320_045002.wav,/Users/qian/KWF/Segmented_Foldered/Audio Moth 3/20000_24999/Audio_Moth_3_20250320_045002.wav,not_meaningful
Audio_Moth_3_20250320_081007.wav,/Users/qian/KWF/Segmented_Foldered/Audio Moth 3/25000_29999/Audio_Moth_3_20250320_081007.wav,not_meaningful
Audio_Moth_3_20250321_035044.wav,/Users/qian/KWF/Segmented_Foldered/Audio Moth 3/50000_54999/Audio_Moth_3_20250321_035044.wav,not_meaningful
Audio_Moth_1_20250317_221415.wav,/Users/qian/KWF/Segmented_Foldered/Audio Moth 1/15000_19999/Audio_Moth_1_20250317_221415.wav,meaningful
Audio_Moth_4_20250319_142615.wav,/Users/qian/KWF/Segmented_Foldered/Audio Moth 4/60000_64999/Audio_Moth_4_20250319_142615.wav,not_meaningful
Audio_Moth_6_20250319_103152.wav,/Users/qian/KWF/Segmented_Foldered/Audio Moth 6/55000_59999/Audio_Moth_6_20250319_103152.wav,not_meaningful
Audio_Moth_1_20250319_012524.wav,/Users/qian/KWF/Segmented_Foldered/Audio Moth 1/45000_49999/Audio_Moth_1_20250319_012524.wav,meaningful
Audio_Moth_3_20250321_050914.wav,/Users/qian/KWF/Segmented_Foldered/Audio Moth 3/50000_54999/Audio_Moth_3_20250321_050914.wav,not_meaningful
Audio_Moth_5_20250317_170548.wav,/Users/qian/KWF/Segmented_Foldered/Audio Moth 5/5000_9999/Audio_Moth_5_20250317_170548.wav,not_meaningful
Audio_Moth_3_20250320_044029.wav,/Users/qian/KWF/Segmented_Foldered/Audio Moth 3/20000_24999/Audio_Moth_3_20250320_044029.wav,not_meaningful
Audio_Moth_6_20250320_112017.wav,/Users/qian/KWF/Segmented_Foldered/Audio Moth 6/85000_89999/Audio_Moth_6_20250320_112017.wav,not_meaningful
Audio_Moth_2_20250317_173730.wav,/Users/qian/KWF/Segmented_Foldered/Audio Moth 2/5000_9999/Audio_Moth_2_20250317_173730.wav,not_meaningful
Audio_Moth_3_20250319_110004.wav,/Users/qian/KWF/Segmented_Foldered/Audio Moth 3/0_4999/Audio_Moth_3_20250319_110004.wav,not_meaningful
Audio_Moth_3_20250320_044259.wav,/Users/qian/KWF/Segmented_Foldered/Audio Moth 3/20000_24999/Audio_Moth_3_20250320_044259.wav,not_meaningful
Audio_Moth_3_20250320_033959.wav,/Users/qian/KWF/Segmented_Foldered/Audio Moth 3/20000_24999/Audio_Moth_3_20250320_033959.wav,not_meaningful
Audio_Moth_3_20250319_090101.wav,/Users/qian/KWF/Segmented_Foldered/Audio Moth 3/0_4999/Audio_Moth_3_20250319_090101.wav,not_meaningful
Audio_Moth_3_20250321_050417.wav,/Users/qian/KWF/Segmented_Foldered/Audio Moth 3/50000_54999/Audio_Moth_3_20250321_050417.wav,not_meaningful
Audio_Moth_3_20250321_044859.wav,/Users/qian/KWF/Segmented_Foldered/Audio Moth 3/50000_54999/Audio_Moth_3_20250321_044859.wav,not_meaningful
Audio_Moth_1_20250317_172403.wav,/Users/qian/KWF/Segmented_Foldered/Audio Moth 1/5000_9999/Audio_Moth_1_20250317_172403.wav,not_meaningful
Audio_Moth_2_20250318_143758.wav,/Users/qian/KWF/Segmented_Foldered/Audio Moth 2/30000_34999/Audio_Moth_2_20250318_143758.wav,meaningful
Audio_Moth_3_20250319_113713.wav,/Users/qian/KWF/Segmented_Foldered/Audio Moth 3/0_4999/Audio_Moth_3_20250319_113713.wav,not_meaningful
Audio_Moth_3_20250321_045705.wav,/Users/qian/KWF/Segmented_Foldered/Audio Moth 3/50000_54999/Audio_Moth_3_20250321_045705.wav,not_meaningful
Audio_Moth_6_20250320_095623.wav,/Users/qian/KWF/Segmented_Foldered/Audio Moth 6/80000_84999/Audio_Moth_6_20250320_095623.wav,not_meaningful
Audio_Moth_3_20250320_103852.wav,/Users/qian/KWF/Segmented_Foldered/Audio Moth 3/30000_34999/Audio_Moth_3_20250320_103852.wav,not_meaningful
Audio_Moth_3_20250321_042223.wav,/Users/qian/KWF/Segmented_Foldered/Audio Moth 3/50000_54999/Audio_Moth_3_20250321_042223.wav,not_meaningful
Audio_Moth_2_20250317_164942.wav,/Users/qian/KWF/Segmented_Foldered/Audio Moth 2/5000_9999/Audio_Moth_2_20250317_164942.wav,not_meaningful
Audio_Moth_1_20250317_164612.wav,/Users/qian/KWF/Segmented_Foldered/Audio Moth 1/5000_9999/Audio_Moth_1_20250317_164612.wav,not_meaningful
Audio_Moth_2_20250321_034411.wav,/Users/qian/KWF/Segmented_Foldered/Audio Moth 2/105000_109999/Audio_Moth_2_20250321_034411.wav,meaningful
Audio_Moth_3_20250321_042911.wav,/Users/qian/KWF/Segmented_Foldered/Audio Moth 3/50000_54999/Audio_Moth_3_20250321_042911.wav,not_meaningful
Audio_Moth_1_20250320_040327.wav,/Users/qian/KWF/Segmented_Foldered/Audio Moth 1/75000_79999/Audio_Moth_1_20250320_040327.wav,meaningful
Audio_Moth_3_20250320_044444.wav,/Users/qian/KWF/Segmented_Foldered/Audio Moth 3/20000_24999/Audio_Moth_3_20250320_044444.wav,not_meaningful
Audio_Moth_1_20250317_164603.wav,/Users/qian/KWF/Segmented_Foldered/Audio Moth 1/5000_9999/Audio_Moth_1_20250317_164603.wav,not_meaningful
Audio_Moth_3_20250320_022908.wav,/Users/qian/KWF/Segmented_Foldered/Audio Moth 3/20000_24999/Audio_Moth_3_20250320_022908.wav,not_meaningful
Audio_Moth_3_20250320_045005.wav,/Users/qian/KWF/Segmented_Foldered/Audio Moth 3/20000_24999/Audio_Moth_3_20250320_045005.wav,not_meaningful
Audio_Moth_1_20250321_033842.wav,/Users/qian/KWF/Segmented_Foldered/Audio Moth 1/105000_109999/Audio_Moth_1_20250321_033842.wav,meaningful
Audio_Moth_4_20250317_172115.wav,/Users/qian/KWF/Segmented_Foldered/Audio Moth 4/5000_9999/Audio_Moth_4_20250317_172115.wav,not_meaningful
Audio_Moth_6_20250319_105819.wav,/Users/qian/KWF/Segmented_Foldered/Audio Moth 6/55000_59999/Audio_Moth_6_20250319_105819.wav,not_meaningful
Audio_Moth_3_20250321_050047.wav,/Users/qian/KWF/Segmented_Foldered/Audio Moth 3/50000_54999/Audio_Moth_3_20250321_050047.wav,not_meaningful
Audio_Moth_5_20250317_170903.wav,/Users/qian/KWF/Segmented_Foldered/Audio Moth 5/5000_9999/Audio_Moth_5_20250317_170903.wav,not_meaningful
Audio_Moth_3_20250320_115337.wav,/Users/qian/KWF/Segmented_Foldered/Audio Moth 3/30000_34999/Audio_Moth_3_20250320_115337.wav,not_meaningful
Audio_Moth_3_20250320_092904.wav,/Users/qian/KWF/Segmented_Foldered/Audio Moth 3/30000_34999/Audio_Moth_3_20250320_092904.wav,not_meaningful
Audio_Moth_3_20250319_141846.wav,/Users/qian/KWF/Segmented_Foldered/Audio Moth 3/5000_9999/Audio_Moth_3_20250319_141846.wav,not_meaningful
Audio_Moth_1_20250318_222024.wav,/Users/qian/KWF/Segmented_Foldered/Audio Moth 1/40000_44999/Audio_Moth_1_20250318_222024.wav,meaningful
Audio_Moth_3_20250320_022850.wav,/Users/qian/KWF/Segmented_Foldered/Audio Moth 3/20000_24999/Audio_Moth_3_20250320_022850.wav,not_meaningful
Audio_Moth_3_20250319_112622.wav,/Users/qian/KWF/Segmented_Foldered/Audio Moth 3/0_4999/Audio_Moth_3_20250319_112622.wav,not_meaningful
Audio_Moth_6_20250317_133414.wav,/Users/qian/KWF/Segmented_Foldered/Audio Moth 6/0_4999/Audio_Moth_6_20250317_133414.wav,meaningful
Audio_Moth_3_20250320_103928.wav,/Users/qian/KWF/Segmented_Foldered/Audio Moth 3/30000_34999/Audio_Moth_3_20250320_103928.wav,not_meaningful
Audio_Moth_3_20250320_030920.wav,/Users/qian/KWF/Segmented_Foldered/Audio Moth 3/20000_24999/Audio_Moth_3_20250320_030920.wav,not_meaningful
Audio_Moth_3_20250321_042229.wav,/Users/qian/KWF/Segmented_Foldered/Audio Moth 3/50000_54999/Audio_Moth_3_20250321_042229.wav,not_meaningful
Audio_Moth_3_20250320_084301.wav,/Users/qian/KWF/Segmented_Foldered/Audio Moth 3/25000_29999/Audio_Moth_3_20250320_084301.wav,not_meaningful
Audio_Moth_3_20250320_112419.wav,/Users/qian/KWF/Segmented_Foldered/Audio Moth 3/30000_34999/Audio_Moth_3_20250320_112419.wav,not_meaningful
Audio_Moth_3_20250320_031408.wav,/Users/qian/KWF/Segmented_Foldered/Audio Moth 3/20000_24999/Audio_Moth_3_20250320_031408.wav,not_meaningful
Audio_Moth_1_20250318_133154.wav,/Users/qian/KWF/Segmented_Foldered/Audio Moth 1/30000_34999/Audio_Moth_1_20250318_133154.wav,not_meaningful
Audio_Moth_3_20250320_030153.wav,/Users/qian/KWF/Segmented_Foldered/Audio Moth 3/20000_24999/Audio_Moth_3_20250320_030153.wav,not_meaningful
Audio_Moth_3_20250320_024135.wav,/Users/qian/KWF/Segmented_Foldered/Audio Moth 3/20000_24999/Audio_Moth_3_20250320_024135.wav,not_meaningful
Audio_Moth_3_20250320_094322.wav,/Users/qian/KWF/Segmented_Foldered/Audio Moth 3/30000_34999/Audio_Moth_3_20250320_094322.wav,not_meaningful
Audio_Moth_3_20250319_110410.wav,/Users/qian/KWF/Segmented_Foldered/Audio Moth 3/0_4999/Audio_Moth_3_20250319_110410.wav,not_meaningful
Audio_Moth_2_20250319_064140.wav,/Users/qian/KWF/Segmented_Foldered/Audio Moth 2/50000_54999/Audio_Moth_2_20250319_064140.wav,meaningful
Audio_Moth_3_20250319_112937.wav,/Users/qian/KWF/Segmented_Foldered/Audio Moth 3/0_4999/Audio_Moth_3_20250319_112937.wav,not_meaningful
Audio_Moth_1_20250319_073839.wav,/Users/qian/KWF/Segmented_Foldered/Audio Moth 1/55000_59999/Audio_Moth_1_20250319_073839.wav,meaningful
Audio_Moth_6_20250318_054320.wav,/Users/qian/KWF/Segmented_Foldered/Audio Moth 6/20000_24999/Audio_Moth_6_20250318_054320.wav,meaningful
Audio_Moth_4_20250320_111646.wav,/Users/qian/KWF/Segmented_Foldered/Audio Moth 4/85000_89999/Audio_Moth_4_20250320_111646.wav,meaningful
Audio_Moth_5_20250317_171000.wav,/Users/qian/KWF/Segmented_Foldered/Audio Moth 5/5000_9999/Audio_Moth_5_20250317_171000.wav,not_meaningful
Audio_Moth_3_20250320_042435.wav,/Users/qian/KWF/Segmented_Foldered/Audio Moth 3/20000_24999/Audio_Moth_3_20250320_042435.wav,not_meaningful
Audio_Moth_1_20250317_164203.wav,/Users/qian/KWF/Segmented_Foldered/Audio Moth 1/5000_9999/Audio_Moth_1_20250317_164203.wav,not_meaningful
Audio_Moth_3_20250320_042102.wav,/Users/qian/KWF/Segmented_Foldered/Audio Moth 3/20000_24999/Audio_Moth_3_20250320_042102.wav,not_meaningful
Audio_Moth_3_20250320_101643.wav,/Users/qian/KWF/Segmented_Foldered/Audio Moth 3/30000_34999/Audio_Moth_3_20250320_101643.wav,not_meaningful
Audio_Moth_3_20250320_102613.wav,/Users/qian/KWF/Segmented_Foldered/Audio Moth 3/30000_34999/Audio_Moth_3_20250320_102613.wav,not_meaningful
Audio_Moth_2_20250320_060502.wav,/Users/qian/KWF/Segmented_Foldered/Audio Moth 2/80000_84999/Audio_Moth_2_20250320_060502.wav,meaningful
Audio_Moth_1_20250317_164715.wav,/Users/qian/KWF/Segmented_Foldered/Audio Moth 1/5000_9999/Audio_Moth_1_20250317_164715.wav,not_meaningful
Audio_Moth_3_20250320_051432.wav,/Users/qian/KWF/Segmented_Foldered/Audio Moth 3/25000_29999/Audio_Moth_3_20250320_051432.wav,not_meaningful
Audio_Moth_1_20250318_033927.wav,/Users/qian/KWF/Segmented_Foldered/Audio Moth 1/20000_24999/Audio_Moth_1_20250318_033927.wav,meaningful
Audio_Moth_5_20250317_170524.wav,/Users/qian/KWF/Segmented_Foldered/Audio Moth 5/5000_9999/Audio_Moth_5_20250317_170524.wav,not_meaningful
Audio_Moth_1_20250317_173436.wav,/Users/qian/KWF/Segmented_Foldered/Audio Moth 1/5000_9999/Audio_Moth_1_20250317_173436.wav,not_meaningful
Audio_Moth_5_20250321_054039.wav,/Users/qian/KWF/Segmented_Foldered/Audio Moth 5/105000_109999/Audio_Moth_5_20250321_054039.wav,meaningful
Audio_Moth_3_20250320_030059.wav,/Users/qian/KWF/Segmented_Foldered/Audio Moth 3/20000_24999/Audio_Moth_3_20250320_030059.wav,not_meaningful
Audio_Moth_6_20250320_174023.wav,/Users/qian/KWF/Segmented_Foldered/Audio Moth 6/90000_94999/Audio_Moth_6_20250320_174023.wav,meaningful
Audio_Moth_3_20250320_113043.wav,/Users/qian/KWF/Segmented_Foldered/Audio Moth 3/30000_34999/Audio_Moth_3_20250320_113043.wav,not_meaningful
Audio_Moth_6_20250317_170356.wav,/Users/qian/KWF/Segmented_Foldered/Audio Moth 6/5000_9999/Audio_Moth_6_20250317_170356.wav,not_meaningful
Audio_Moth_2_20250318_000214.wav,/Users/qian/KWF/Segmented_Foldered/Audio Moth 2/15000_19999/Audio_Moth_2_20250318_000214.wav,meaningful
Audio_Moth_3_20250321_043753.wav,/Users/qian/KWF/Segmented_Foldered/Audio Moth 3/50000_54999/Audio_Moth_3_20250321_043753.wav,not_meaningful
Audio_Moth_3_20250320_095604.wav,/Users/qian/KWF/Segmented_Foldered/Audio Moth 3/30000_34999/Audio_Moth_3_20250320_095604.wav,not_meaningful
Audio_Moth_3_20250319_103613.wav,/Users/qian/KWF/Segmented_Foldered/Audio Moth 3/0_4999/Audio_Moth_3_20250319_103613.wav,not_meaningful
Audio_Moth_3_20250320_012617.wav,/Users/qian/KWF/Segmented_Foldered/Audio Moth 3/20000_24999/Audio_Moth_3_20250320_012617.wav,not_meaningful
Audio_Moth_3_20250320_050535.wav,/Users/qian/KWF/Segmented_Foldered/Audio Moth 3/25000_29999/Audio_Moth_3_20250320_050535.wav,not_meaningful
Audio_Moth_3_20250320_023644.wav,/Users/qian/KWF/Segmented_Foldered/Audio Moth 3/20000_24999/Audio_Moth_3_20250320_023644.wav,not_meaningful
Audio_Moth_3_20250320_091452.wav,/Users/qian/KWF/Segmented_Foldered/Audio Moth 3/30000_34999/Audio_Moth_3_20250320_091452.wav,not_meaningful
Audio_Moth_1_20250317_174157.wav,/Users/qian/KWF/Segmented_Foldered/Audio Moth 1/5000_9999/Audio_Moth_1_20250317_174157.wav,not_meaningful
Audio_Moth_4_20250320_191639.wav,/Users/qian/KWF/Segmented_Foldered/Audio Moth 4/95000_99999/Audio_Moth_4_20250320_191639.wav,meaningful
Audio_Moth_3_20250320_013635.wav,/Users/qian/KWF/Segmented_Foldered/Audio Moth 3/20000_24999/Audio_Moth_3_20250320_013635.wav,not_meaningful
Audio_Moth_1_20250317_172551.wav,/Users/qian/KWF/Segmented_Foldered/Audio Moth 1/5000_9999/Audio_Moth_1_20250317_172551.wav,not_meaningful
Audio_Moth_2_20250317_173312.wav,/Users/qian/KWF/Segmented_Foldered/Audio Moth 2/5000_9999/Audio_Moth_2_20250317_173312.wav,not_meaningful
Audio_Moth_4_20250318_020856.wav,/Users/qian/KWF/Segmented_Foldered/Audio Moth 4/15000_19999/Audio_Moth_4_20250318_020856.wav,meaningful
Audio_Moth_6_20250318_060429.wav,/Users/qian/KWF/Segmented_Foldered/Audio Moth 6/20000_24999/Audio_Moth_6_20250318_060429.wav,meaningful
Audio_Moth_3_20250320_100343.wav,/Users/qian/KWF/Segmented_Foldered/Audio Moth 3/30000_34999/Audio_Moth_3_20250320_100343.wav,not_meaningful
Audio_Moth_3_20250320_103919.wav,/Users/qian/KWF/Segmented_Foldered/Audio Moth 3/30000_34999/Audio_Moth_3_20250320_103919.wav,not_meaningful
Audio_Moth_3_20250321_042135.wav,/Users/qian/KWF/Segmented_Foldered/Audio Moth 3/50000_54999/Audio_Moth_3_20250321_042135.wav,not_meaningful
Audio_Moth_3_20250320_050350.wav,/Users/qian/KWF/Segmented_Foldered/Audio Moth 3/25000_29999/Audio_Moth_3_20250320_050350.wav,not_meaningful
Audio_Moth_4_20250317_170533.wav,/Users/qian/KWF/Segmented_Foldered/Audio Moth 4/5000_9999/Audio_Moth_4_20250317_170533.wav,not_meaningful
Audio_Moth_3_20250320_011653.wav,/Users/qian/KWF/Segmented_Foldered/Audio Moth 3/20000_24999/Audio_Moth_3_20250320_011653.wav,not_meaningful
Audio_Moth_1_20250318_141339.wav,/Users/qian/KWF/Segmented_Foldered/Audio Moth 1/30000_34999/Audio_Moth_1_20250318_141339.wav,meaningful
Audio_Moth_3_20250321_043426.wav,/Users/qian/KWF/Segmented_Foldered/Audio Moth 3/50000_54999/Audio_Moth_3_20250321_043426.wav,not_meaningful
Audio_Moth_3_20250321_041935.wav,/Users/qian/KWF/Segmented_Foldered/Audio Moth 3/50000_54999/Audio_Moth_3_20250321_041935.wav,not_meaningful
Audio_Moth_3_20250320_045053.wav,/Users/qian/KWF/Segmented_Foldered/Audio Moth 3/25000_29999/Audio_Moth_3_20250320_045053.wav,not_meaningful
Audio_Moth_3_20250320_101734.wav,/Users/qian/KWF/Segmented_Foldered/Audio Moth 3/30000_34999/Audio_Moth_3_20250320_101734.wav,not_meaningful
Audio_Moth_3_20250320_024353.wav,/Users/qian/KWF/Segmented_Foldered/Audio Moth 3/20000_24999/Audio_Moth_3_20250320_024353.wav,not_meaningful
Audio_Moth_3_20250320_023926.wav,/Users/qian/KWF/Segmented_Foldered/Audio Moth 3/20000_24999/Audio_Moth_3_20250320_023926.wav,not_meaningful
Audio_Moth_3_20250320_082419.wav,/Users/qian/KWF/Segmented_Foldered/Audio Moth 3/25000_29999/Audio_Moth_3_20250320_082419.wav,not_meaningful
Audio_Moth_3_20250320_013817.wav,/Users/qian/KWF/Segmented_Foldered/Audio Moth 3/20000_24999/Audio_Moth_3_20250320_013817.wav,not_meaningful
Audio_Moth_3_20250319_101946.wav,/Users/qian/KWF/Segmented_Foldered/Audio Moth 3/0_4999/Audio_Moth_3_20250319_101946.wav,not_meaningful
Audio_Moth_3_20250320_103622.wav,/Users/qian/KWF/Segmented_Foldered/Audio Moth 3/30000_34999/Audio_Moth_3_20250320_103622.wav,not_meaningful
Audio_Moth_1_20250318_015757.wav,/Users/qian/KWF/Segmented_Foldered/Audio Moth 1/15000_19999/Audio_Moth_1_20250318_015757.wav,meaningful
Audio_Moth_5_20250317_171954.wav,/Users/qian/KWF/Segmented_Foldered/Audio Moth 5/5000_9999/Audio_Moth_5_20250317_171954.wav,not_meaningful
Audio_Moth_3_20250319_101219.wav,/Users/qian/KWF/Segmented_Foldered/Audio Moth 3/0_4999/Audio_Moth_3_20250319_101219.wav,not_meaningful
Audio_Moth_3_20250320_034953.wav,/Users/qian/KWF/Segmented_Foldered/Audio Moth 3/20000_24999/Audio_Moth_3_20250320_034953.wav,not_meaningful
Audio_Moth_3_20250320_030211.wav,/Users/qian/KWF/Segmented_Foldered/Audio Moth 3/20000_24999/Audio_Moth_3_20250320_030211.wav,not_meaningful
Audio_Moth_3_20250320_022350.wav,/Users/qian/KWF/Segmented_Foldered/Audio Moth 3/20000_24999/Audio_Moth_3_20250320_022350.wav,not_meaningful
Audio_Moth_4_20250320_064307.wav,/Users/qian/KWF/Segmented_Foldered/Audio Moth 4/80000_84999/Audio_Moth_4_20250320_064307.wav,meaningful
Audio_Moth_6_20250318_160558.wav,/Users/qian/KWF/Segmented_Foldered/Audio Moth 6/30000_34999/Audio_Moth_6_20250318_160558.wav,meaningful
Audio_Moth_1_20250321_040209.wav,/Users/qian/KWF/Segmented_Foldered/Audio Moth 1/105000_109999/Audio_Moth_1_20250321_040209.wav,meaningful
Audio_Moth_3_20250321_043623.wav,/Users/qian/KWF/Segmented_Foldered/Audio Moth 3/50000_54999/Audio_Moth_3_20250321_043623.wav,not_meaningful
Audio_Moth_4_20250320_163858.wav,/Users/qian/KWF/Segmented_Foldered/Audio Moth 4/90000_94999/Audio_Moth_4_20250320_163858.wav,meaningful
Audio_Moth_3_20250320_084316.wav,/Users/qian/KWF/Segmented_Foldered/Audio Moth 3/25000_29999/Audio_Moth_3_20250320_084316.wav,not_meaningful
Audio_Moth_3_20250321_040829.wav,/Users/qian/KWF/Segmented_Foldered/Audio Moth 3/50000_54999/Audio_Moth_3_20250321_040829.wav,not_meaningful
Audio_Moth_2_20250317_104715.wav,/Users/qian/KWF/Segmented_Foldered/Audio Moth 2/0_4999/Audio_Moth_2_20250317_104715.wav,meaningful
Audio_Moth_3_20250320_020241.wav,/Users/qian/KWF/Segmented_Foldered/Audio Moth 3/20000_24999/Audio_Moth_3_20250320_020241.wav,not_meaningful
Audio_Moth_1_20250319_195854.wav,/Users/qian/KWF/Segmented_Foldered/Audio Moth 1/70000_74999/Audio_Moth_1_20250319_195854.wav,meaningful
Audio_Moth_3_20250320_102737.wav,/Users/qian/KWF/Segmented_Foldered/Audio Moth 3/30000_34999/Audio_Moth_3_20250320_102737.wav,not_meaningful
Audio_Moth_3_20250320_015514.wav,/Users/qian/KWF/Segmented_Foldered/Audio Moth 3/20000_24999/Audio_Moth_3_20250320_015514.wav,not_meaningful
Audio_Moth_6_20250319_104134.wav,/Users/qian/KWF/Segmented_Foldered/Audio Moth 6/55000_59999/Audio_Moth_6_20250319_104134.wav,not_meaningful
Audio_Moth_3_20250320_094252.wav,/Users/qian/KWF/Segmented_Foldered/Audio Moth 3/30000_34999/Audio_Moth_3_20250320_094252.wav,not_meaningful
Audio_Moth_3_20250320_082310.wav,/Users/qian/KWF/Segmented_Foldered/Audio Moth 3/25000_29999/Audio_Moth_3_20250320_082310.wav,not_meaningful
Audio_Moth_3_20250320_081604.wav,/Users/qian/KWF/Segmented_Foldered/Audio Moth 3/25000_29999/Audio_Moth_3_20250320_081604.wav,not_meaningful
Audio_Moth_4_20250317_172133.wav,/Users/qian/KWF/Segmented_Foldered/Audio Moth 4/5000_9999/Audio_Moth_4_20250317_172133.wav,not_meaningful
Audio_Moth_3_20250320_044035.wav,/Users/qian/KWF/Segmented_Foldered/Audio Moth 3/20000_24999/Audio_Moth_3_20250320_044035.wav,not_meaningful
Audio_Moth_3_20250320_143107.wav,/Users/qian/KWF/Segmented_Foldered/Audio Moth 3/35000_39999/Audio_Moth_3_20250320_143107.wav,not_meaningful
Audio_Moth_3_20250319_081222.wav,/Users/qian/KWF/Segmented_Foldered/Audio Moth 3/0_4999/Audio_Moth_3_20250319_081222.wav,not_meaningful
Audio_Moth_3_20250320_103940.wav,/Users/qian/KWF/Segmented_Foldered/Audio Moth 3/30000_34999/Audio_Moth_3_20250320_103940.wav,not_meaningful
Audio_Moth_1_20250317_232924.wav,/Users/qian/KWF/Segmented_Foldered/Audio Moth 1/15000_19999/Audio_Moth_1_20250317_232924.wav,meaningful
Audio_Moth_1_20250318_134857.wav,/Users/qian/KWF/Segmented_Foldered/Audio Moth 1/30000_34999/Audio_Moth_1_20250318_134857.wav,meaningful
Audio_Moth_5_20250319_031636.wav,/Users/qian/KWF/Segmented_Foldered/Audio Moth 5/45000_49999/Audio_Moth_5_20250319_031636.wav,meaningful
Audio_Moth_6_20250318_060156.wav,/Users/qian/KWF/Segmented_Foldered/Audio Moth 6/20000_24999/Audio_Moth_6_20250318_060156.wav,meaningful
Audio_Moth_3_20250319_080904.wav,/Users/qian/KWF/Segmented_Foldered/Audio Moth 3/0_4999/Audio_Moth_3_20250319_080904.wav,not_meaningful
Audio_Moth_3_20250320_100701.wav,/Users/qian/KWF/Segmented_Foldered/Audio Moth 3/30000_34999/Audio_Moth_3_20250320_100701.wav,not_meaningful
Audio_Moth_3_20250319_085110.wav,/Users/qian/KWF/Segmented_Foldered/Audio Moth 3/0_4999/Audio_Moth_3_20250319_085110.wav,not_meaningful
Audio_Moth_1_20250319_110321.wav,/Users/qian/KWF/Segmented_Foldered/Audio Moth 1/55000_59999/Audio_Moth_1_20250319_110321.wav,not_meaningful
Audio_Moth_1_20250317_170324.wav,/Users/qian/KWF/Segmented_Foldered/Audio Moth 1/5000_9999/Audio_Moth_1_20250317_170324.wav,not_meaningful
Audio_Moth_3_20250321_024750.wav,/Users/qian/KWF/Segmented_Foldered/Audio Moth 3/50000_54999/Audio_Moth_3_20250321_024750.wav,not_meaningful
Audio_Moth_3_20250319_091316.wav,/Users/qian/KWF/Segmented_Foldered/Audio Moth 3/0_4999/Audio_Moth_3_20250319_091316.wav,not_meaningful
Audio_Moth_4_20250317_171048.wav,/Users/qian/KWF/Segmented_Foldered/Audio Moth 4/5000_9999/Audio_Moth_4_20250317_171048.wav,not_meaningful
Audio_Moth_3_20250320_044759.wav,/Users/qian/KWF/Segmented_Foldered/Audio Moth 3/20000_24999/Audio_Moth_3_20250320_044759.wav,not_meaningful
Audio_Moth_2_20250321_055232.wav,/Users/qian/KWF/Segmented_Foldered/Audio Moth 2/110000_114999/Audio_Moth_2_20250321_055232.wav,meaningful
Audio_Moth_3_20250321_040650.wav,/Users/qian/KWF/Segmented_Foldered/Audio Moth 3/50000_54999/Audio_Moth_3_20250321_040650.wav,not_meaningful
Audio_Moth_5_20250317_170433.wav,/Users/qian/KWF/Segmented_Foldered/Audio Moth 5/5000_9999/Audio_Moth_5_20250317_170433.wav,not_meaningful
Audio_Moth_2_20250317_173436.wav,/Users/qian/KWF/Segmented_Foldered/Audio Moth 2/5000_9999/Audio_Moth_2_20250317_173436.wav,not_meaningful
Audio_Moth_3_20250320_100149.wav,/Users/qian/KWF/Segmented_Foldered/Audio Moth 3/30000_34999/Audio_Moth_3_20250320_100149.wav,not_meaningful
Audio_Moth_3_20250320_101631.wav,/Users/qian/KWF/Segmented_Foldered/Audio Moth 3/30000_34999/Audio_Moth_3_20250320_101631.wav,not_meaningful
Audio_Moth_1_20250317_142736.wav,/Users/qian/KWF/Segmented_Foldered/Audio Moth 1/5000_9999/Audio_Moth_1_20250317_142736.wav,meaningful
Audio_Moth_3_20250320_085237.wav,/Users/qian/KWF/Segmented_Foldered/Audio Moth 3/25000_29999/Audio_Moth_3_20250320_085237.wav,not_meaningful
Audio_Moth_3_20250320_030629.wav,/Users/qian/KWF/Segmented_Foldered/Audio Moth 3/20000_24999/Audio_Moth_3_20250320_030629.wav,not_meaningful
Audio_Moth_3_20250319_102213.wav,/Users/qian/KWF/Segmented_Foldered/Audio Moth 3/0_4999/Audio_Moth_3_20250319_102213.wav,not_meaningful
Audio_Moth_3_20250321_043726.wav,/Users/qian/KWF/Segmented_Foldered/Audio Moth 3/50000_54999/Audio_Moth_3_20250321_043726.wav,not_meaningful
Audio_Moth_2_20250320_053708.wav,/Users/qian/KWF/Segmented_Foldered/Audio Moth 2/80000_84999/Audio_Moth_2_20250320_053708.wav,meaningful
Audio_Moth_3_20250320_025317.wav,/Users/qian/KWF/Segmented_Foldered/Audio Moth 3/20000_24999/Audio_Moth_3_20250320_025317.wav,not_meaningful
Audio_Moth_1_20250317_172006.wav,/Users/qian/KWF/Segmented_Foldered/Audio Moth 1/5000_9999/Audio_Moth_1_20250317_172006.wav,not_meaningful
Audio_Moth_1_20250317_171118.wav,/Users/qian/KWF/Segmented_Foldered/Audio Moth 1/5000_9999/Audio_Moth_1_20250317_171118.wav,not_meaningful
Audio_Moth_3_20250320_015308.wav,/Users/qian/KWF/Segmented_Foldered/Audio Moth 3/20000_24999/Audio_Moth_3_20250320_015308.wav,not_meaningful
Audio_Moth_3_20250320_033229.wav,/Users/qian/KWF/Segmented_Foldered/Audio Moth 3/20000_24999/Audio_Moth_3_20250320_033229.wav,not_meaningful
Audio_Moth_3_20250319_092119.wav,/Users/qian/KWF/Segmented_Foldered/Audio Moth 3/0_4999/Audio_Moth_3_20250319_092119.wav,not_meaningful
Audio_Moth_3_20250320_031635.wav,/Users/qian/KWF/Segmented_Foldered/Audio Moth 3/20000_24999/Audio_Moth_3_20250320_031635.wav,not_meaningful
Audio_Moth_3_20250319_084643.wav,/Users/qian/KWF/Segmented_Foldered/Audio Moth 3/0_4999/Audio_Moth_3_20250319_084643.wav,not_meaningful
Audio_Moth_1_20250317_173315.wav,/Users/qian/KWF/Segmented_Foldered/Audio Moth 1/5000_9999/Audio_Moth_1_20250317_173315.wav,not_meaningful
Audio_Moth_6_20250319_114243.wav,/Users/qian/KWF/Segmented_Foldered/Audio Moth 6/55000_59999/Audio_Moth_6_20250319_114243.wav,not_meaningful
Audio_Moth_3_20250320_101846.wav,/Users/qian/KWF/Segmented_Foldered/Audio Moth 3/30000_34999/Audio_Moth_3_20250320_101846.wav,not_meaningful
Audio_Moth_3_20250321_033438.wav,/Users/qian/KWF/Segmented_Foldered/Audio Moth 3/50000_54999/Audio_Moth_3_20250321_033438.wav,not_meaningful
Audio_Moth_3_20250321_033241.wav,/Users/qian/KWF/Segmented_Foldered/Audio Moth 3/50000_54999/Audio_Moth_3_20250321_033241.wav,not_meaningful
Audio_Moth_1_20250317_172503.wav,/Users/qian/KWF/Segmented_Foldered/Audio Moth 1/5000_9999/Audio_Moth_1_20250317_172503.wav,not_meaningful
Audio_Moth_2_20250321_012041.wav,/Users/qian/KWF/Segmented_Foldered/Audio Moth 2/100000_104999/Audio_Moth_2_20250321_012041.wav,meaningful
Audio_Moth_3_20250319_100949.wav,/Users/qian/KWF/Segmented_Foldered/Audio Moth 3/0_4999/Audio_Moth_3_20250319_100949.wav,not_meaningful
Audio_Moth_3_20250319_095458.wav,/Users/qian/KWF/Segmented_Foldered/Audio Moth 3/0_4999/Audio_Moth_3_20250319_095458.wav,not_meaningful
Audio_Moth_6_20250317_170144.wav,/Users/qian/KWF/Segmented_Foldered/Audio Moth 6/5000_9999/Audio_Moth_6_20250317_170144.wav,not_meaningful
Audio_Moth_2_20250320_233141.wav,/Users/qian/KWF/Segmented_Foldered/Audio Moth 2/100000_104999/Audio_Moth_2_20250320_233141.wav,meaningful
Audio_Moth_3_20250319_084737.wav,/Users/qian/KWF/Segmented_Foldered/Audio Moth 3/0_4999/Audio_Moth_3_20250319_084737.wav,not_meaningful
Audio_Moth_4_20250317_172539.wav,/Users/qian/KWF/Segmented_Foldered/Audio Moth 4/5000_9999/Audio_Moth_4_20250317_172539.wav,not_meaningful
Audio_Moth_6_20250319_103431.wav,/Users/qian/KWF/Segmented_Foldered/Audio Moth 6/55000_59999/Audio_Moth_6_20250319_103431.wav,not_meaningful
Audio_Moth_3_20250320_024402.wav,/Users/qian/KWF/Segmented_Foldered/Audio Moth 3/20000_24999/Audio_Moth_3_20250320_024402.wav,not_meaningful
Audio_Moth_4_20250317_170457.wav,/Users/qian/KWF/Segmented_Foldered/Audio Moth 4/5000_9999/Audio_Moth_4_20250317_170457.wav,not_meaningful
Audio_Moth_3_20250320_081913.wav,/Users/qian/KWF/Segmented_Foldered/Audio Moth 3/25000_29999/Audio_Moth_3_20250320_081913.wav,not_meaningful
Audio_Moth_3_20250321_034211.wav,/Users/qian/KWF/Segmented_Foldered/Audio Moth 3/50000_54999/Audio_Moth_3_20250321_034211.wav,not_meaningful
Audio_Moth_1_20250317_171927.wav,/Users/qian/KWF/Segmented_Foldered/Audio Moth 1/5000_9999/Audio_Moth_1_20250317_171927.wav,not_meaningful
Audio_Moth_4_20250317_171006.wav,/Users/qian/KWF/Segmented_Foldered/Audio Moth 4/5000_9999/Audio_Moth_4_20250317_171006.wav,not_meaningful
Audio_Moth_2_20250317_171933.wav,/Users/qian/KWF/Segmented_Foldered/Audio Moth 2/5000_9999/Audio_Moth_2_20250317_171933.wav,not_meaningful
Audio_Moth_3_20250321_033538.wav,/Users/qian/KWF/Segmented_Foldered/Audio Moth 3/50000_54999/Audio_Moth_3_20250321_033538.wav,not_meaningful
Audio_Moth_4_20250317_172003.wav,/Users/qian/KWF/Segmented_Foldered/Audio Moth 4/5000_9999/Audio_Moth_4_20250317_172003.wav,not_meaningful
Audio_Moth_3_20250320_045041.wav,/Users/qian/KWF/Segmented_Foldered/Audio Moth 3/20000_24999/Audio_Moth_3_20250320_045041.wav,not_meaningful
Audio_Moth_3_20250320_005326.wav,/Users/qian/KWF/Segmented_Foldered/Audio Moth 3/20000_24999/Audio_Moth_3_20250320_005326.wav,not_meaningful
Audio_Moth_4_20250317_170424.wav,/Users/qian/KWF/Segmented_Foldered/Audio Moth 4/5000_9999/Audio_Moth_4_20250317_170424.wav,not_meaningful
Audio_Moth_2_20250321_033905.wav,/Users/qian/KWF/Segmented_Foldered/Audio Moth 2/105000_109999/Audio_Moth_2_20250321_033905.wav,meaningful
Audio_Moth_1_20250317_164530.wav,/Users/qian/KWF/Segmented_Foldered/Audio Moth 1/5000_9999/Audio_Moth_1_20250317_164530.wav,not_meaningful
Audio_Moth_1_20250321_000930.wav,/Users/qian/KWF/Segmented_Foldered/Audio Moth 1/100000_104999/Audio_Moth_1_20250321_000930.wav,meaningful
Audio_Moth_2_20250317_232832.wav,/Users/qian/KWF/Segmented_Foldered/Audio Moth 2/15000_19999/Audio_Moth_2_20250317_232832.wav,meaningful
Audio_Moth_3_20250320_103504.wav,/Users/qian/KWF/Segmented_Foldered/Audio Moth 3/30000_34999/Audio_Moth_3_20250320_103504.wav,not_meaningful
Audio_Moth_3_20250320_064122.wav,/Users/qian/KWF/Segmented_Foldered/Audio Moth 3/25000_29999/Audio_Moth_3_20250320_064122.wav,not_meaningful
Audio_Moth_1_20250319_102636.wav,/Users/qian/KWF/Segmented_Foldered/Audio Moth 1/55000_59999/Audio_Moth_1_20250319_102636.wav,not_meaningful
Audio_Moth_3_20250319_112701.wav,/Users/qian/KWF/Segmented_Foldered/Audio Moth 3/0_4999/Audio_Moth_3_20250319_112701.wav,not_meaningful
Audio_Moth_4_20250317_170936.wav,/Users/qian/KWF/Segmented_Foldered/Audio Moth 4/5000_9999/Audio_Moth_4_20250317_170936.wav,not_meaningful
Audio_Moth_3_20250320_025632.wav,/Users/qian/KWF/Segmented_Foldered/Audio Moth 3/20000_24999/Audio_Moth_3_20250320_025632.wav,not_meaningful
Audio_Moth_3_20250320_013020.wav,/Users/qian/KWF/Segmented_Foldered/Audio Moth 3/20000_24999/Audio_Moth_3_20250320_013020.wav,not_meaningful
Audio_Moth_3_20250321_051026.wav,/Users/qian/KWF/Segmented_Foldered/Audio Moth 3/50000_54999/Audio_Moth_3_20250321_051026.wav,not_meaningful
Audio_Moth_3_20250320_044641.wav,/Users/qian/KWF/Segmented_Foldered/Audio Moth 3/20000_24999/Audio_Moth_3_20250320_044641.wav,not_meaningful
Audio_Moth_3_20250320_100007.wav,/Users/qian/KWF/Segmented_Foldered/Audio Moth 3/30000_34999/Audio_Moth_3_20250320_100007.wav,not_meaningful
Audio_Moth_3_20250319_122928.wav,/Users/qian/KWF/Segmented_Foldered/Audio Moth 3/5000_9999/Audio_Moth_3_20250319_122928.wav,not_meaningful
Audio_Moth_3_20250321_035623.wav,/Users/qian/KWF/Segmented_Foldered/Audio Moth 3/50000_54999/Audio_Moth_3_20250321_035623.wav,not_meaningful
Audio_Moth_2_20250320_142805.wav,/Users/qian/KWF/Segmented_Foldered/Audio Moth 2/90000_94999/Audio_Moth_2_20250320_142805.wav,meaningful
Audio_Moth_5_20250317_170503.wav,/Users/qian/KWF/Segmented_Foldered/Audio Moth 5/5000_9999/Audio_Moth_5_20250317_170503.wav,not_meaningful
Audio_Moth_3_20250320_020408.wav,/Users/qian/KWF/Segmented_Foldered/Audio Moth 3/20000_24999/Audio_Moth_3_20250320_020408.wav,not_meaningful
Audio_Moth_3_20250320_050411.wav,/Users/qian/KWF/Segmented_Foldered/Audio Moth 3/25000_29999/Audio_Moth_3_20250320_050411.wav,not_meaningful
Audio_Moth_3_20250320_012338.wav,/Users/qian/KWF/Segmented_Foldered/Audio Moth 3/20000_24999/Audio_Moth_3_20250320_012338.wav,not_meaningful
Audio_Moth_3_20250319_122955.wav,/Users/qian/KWF/Segmented_Foldered/Audio Moth 3/5000_9999/Audio_Moth_3_20250319_122955.wav,not_meaningful
Audio_Moth_3_20250321_044820.wav,/Users/qian/KWF/Segmented_Foldered/Audio Moth 3/50000_54999/Audio_Moth_3_20250321_044820.wav,not_meaningful
Audio_Moth_3_20250320_081828.wav,/Users/qian/KWF/Segmented_Foldered/Audio Moth 3/25000_29999/Audio_Moth_3_20250320_081828.wav,not_meaningful
Audio_Moth_6_20250320_131332.wav,/Users/qian/KWF/Segmented_Foldered/Audio Moth 6/85000_89999/Audio_Moth_6_20250320_131332.wav,not_meaningful
Audio_Moth_3_20250320_103837.wav,/Users/qian/KWF/Segmented_Foldered/Audio Moth 3/30000_34999/Audio_Moth_3_20250320_103837.wav,not_meaningful
Audio_Moth_3_20250320_024929.wav,/Users/qian/KWF/Segmented_Foldered/Audio Moth 3/20000_24999/Audio_Moth_3_20250320_024929.wav,not_meaningful
Audio_Moth_1_20250320_035854.wav,/Users/qian/KWF/Segmented_Foldered/Audio Moth 1/75000_79999/Audio_Moth_1_20250320_035854.wav,meaningful
Audio_Moth_3_20250319_102243.wav,/Users/qian/KWF/Segmented_Foldered/Audio Moth 3/0_4999/Audio_Moth_3_20250319_102243.wav,not_meaningful
Audio_Moth_1_20250321_032218.wav,/Users/qian/KWF/Segmented_Foldered/Audio Moth 1/105000_109999/Audio_Moth_1_20250321_032218.wav,meaningful
Audio_Moth_2_20250317_172936.wav,/Users/qian/KWF/Segmented_Foldered/Audio Moth 2/5000_9999/Audio_Moth_2_20250317_172936.wav,not_meaningful
Audio_Moth_3_20250320_022508.wav,/Users/qian/KWF/Segmented_Foldered/Audio Moth 3/20000_24999/Audio_Moth_3_20250320_022508.wav,not_meaningful
Audio_Moth_3_20250319_101246.wav,/Users/qian/KWF/Segmented_Foldered/Audio Moth 3/0_4999/Audio_Moth_3_20250319_101246.wav,not_meaningful
Audio_Moth_3_20250320_094955.wav,/Users/qian/KWF/Segmented_Foldered/Audio Moth 3/30000_34999/Audio_Moth_3_20250320_094955.wav,not_meaningful
Audio_Moth_3_20250320_085458.wav,/Users/qian/KWF/Segmented_Foldered/Audio Moth 3/25000_29999/Audio_Moth_3_20250320_085458.wav,not_meaningful
Audio_Moth_3_20250320_081540.wav,/Users/qian/KWF/Segmented_Foldered/Audio Moth 3/25000_29999/Audio_Moth_3_20250320_081540.wav,not_meaningful
Audio_Moth_6_20250317_173008.wav,/Users/qian/KWF/Segmented_Foldered/Audio Moth 6/5000_9999/Audio_Moth_6_20250317_173008.wav,not_meaningful
Audio_Moth_6_20250317_171208.wav,/Users/qian/KWF/Segmented_Foldered/Audio Moth 6/5000_9999/Audio_Moth_6_20250317_171208.wav,not_meaningful
Audio_Moth_3_20250321_045447.wav,/Users/qian/KWF/Segmented_Foldered/Audio Moth 3/50000_54999/Audio_Moth_3_20250321_045447.wav,not_meaningful
Audio_Moth_3_20250320_035823.wav,/Users/qian/KWF/Segmented_Foldered/Audio Moth 3/20000_24999/Audio_Moth_3_20250320_035823.wav,not_meaningful
Audio_Moth_3_20250320_021402.wav,/Users/qian/KWF/Segmented_Foldered/Audio Moth 3/20000_24999/Audio_Moth_3_20250320_021402.wav,not_meaningful
Audio_Moth_3_20250320_085528.wav,/Users/qian/KWF/Segmented_Foldered/Audio Moth 3/25000_29999/Audio_Moth_3_20250320_085528.wav,not_meaningful
Audio_Moth_3_20250320_013756.wav,/Users/qian/KWF/Segmented_Foldered/Audio Moth 3/20000_24999/Audio_Moth_3_20250320_013756.wav,not_meaningful
Audio_Moth_3_20250321_043129.wav,/Users/qian/KWF/Segmented_Foldered/Audio Moth 3/50000_54999/Audio_Moth_3_20250321_043129.wav,not_meaningful
Audio_Moth_1_20250320_115448.wav,/Users/qian/KWF/Segmented_Foldered/Audio Moth 1/85000_89999/Audio_Moth_1_20250320_115448.wav,meaningful
Audio_Moth_6_20250318_200235.wav,/Users/qian/KWF/Segmented_Foldered/Audio Moth 6/35000_39999/Audio_Moth_6_20250318_200235.wav,meaningful
Audio_Moth_3_20250320_091604.wav,/Users/qian/KWF/Segmented_Foldered/Audio Moth 3/30000_34999/Audio_Moth_3_20250320_091604.wav,not_meaningful
Audio_Moth_3_20250321_035244.wav,/Users/qian/KWF/Segmented_Foldered/Audio Moth 3/50000_54999/Audio_Moth_3_20250321_035244.wav,not_meaningful
Audio_Moth_3_20250320_101437.wav,/Users/qian/KWF/Segmented_Foldered/Audio Moth 3/30000_34999/Audio_Moth_3_20250320_101437.wav,not_meaningful
Audio_Moth_3_20250320_031341.wav,/Users/qian/KWF/Segmented_Foldered/Audio Moth 3/20000_24999/Audio_Moth_3_20250320_031341.wav,not_meaningful
Audio_Moth_3_20250320_050232.wav,/Users/qian/KWF/Segmented_Foldered/Audio Moth 3/25000_29999/Audio_Moth_3_20250320_050232.wav,not_meaningful
Audio_Moth_1_20250317_171127.wav,/Users/qian/KWF/Segmented_Foldered/Audio Moth 1/5000_9999/Audio_Moth_1_20250317_171127.wav,not_meaningful
Audio_Moth_3_20250320_043156.wav,/Users/qian/KWF/Segmented_Foldered/Audio Moth 3/20000_24999/Audio_Moth_3_20250320_043156.wav,not_meaningful
Audio_Moth_3_20250320_094628.wav,/Users/qian/KWF/Segmented_Foldered/Audio Moth 3/30000_34999/Audio_Moth_3_20250320_094628.wav,not_meaningful
Audio_Moth_3_20250320_043220.wav,/Users/qian/KWF/Segmented_Foldered/Audio Moth 3/20000_24999/Audio_Moth_3_20250320_043220.wav,not_meaningful
Audio_Moth_3_20250320_020338.wav,/Users/qian/KWF/Segmented_Foldered/Audio Moth 3/20000_24999/Audio_Moth_3_20250320_020338.wav,not_meaningful
Audio_Moth_3_20250320_092146.wav,/Users/qian/KWF/Segmented_Foldered/Audio Moth 3/30000_34999/Audio_Moth_3_20250320_092146.wav,not_meaningful
Audio_Moth_5_20250320_214857.wav,/Users/qian/KWF/Segmented_Foldered/Audio Moth 5/95000_99999/Audio_Moth_5_20250320_214857.wav,meaningful
Audio_Moth_2_20250317_170230.wav,/Users/qian/KWF/Segmented_Foldered/Audio Moth 2/5000_9999/Audio_Moth_2_20250317_170230.wav,not_meaningful
Audio_Moth_3_20250320_085158.wav,/Users/qian/KWF/Segmented_Foldered/Audio Moth 3/25000_29999/Audio_Moth_3_20250320_085158.wav,not_meaningful
Audio_Moth_3_20250320_022517.wav,/Users/qian/KWF/Segmented_Foldered/Audio Moth 3/20000_24999/Audio_Moth_3_20250320_022517.wav,not_meaningful
Audio_Moth_3_20250320_050008.wav,/Users/qian/KWF/Segmented_Foldered/Audio Moth 3/25000_29999/Audio_Moth_3_20250320_050008.wav,not_meaningful
Audio_Moth_3_20250320_023032.wav,/Users/qian/KWF/Segmented_Foldered/Audio Moth 3/20000_24999/Audio_Moth_3_20250320_023032.wav,not_meaningful
Audio_Moth_3_20250320_035447.wav,/Users/qian/KWF/Segmented_Foldered/Audio Moth 3/20000_24999/Audio_Moth_3_20250320_035447.wav,not_meaningful
Audio_Moth_3_20250320_082110.wav,/Users/qian/KWF/Segmented_Foldered/Audio Moth 3/25000_29999/Audio_Moth_3_20250320_082110.wav,not_meaningful
Audio_Moth_3_20250321_043932.wav,/Users/qian/KWF/Segmented_Foldered/Audio Moth 3/50000_54999/Audio_Moth_3_20250321_043932.wav,not_meaningful
Audio_Moth_3_20250321_043038.wav,/Users/qian/KWF/Segmented_Foldered/Audio Moth 3/50000_54999/Audio_Moth_3_20250321_043038.wav,not_meaningful
Audio_Moth_4_20250319_110403.wav,/Users/qian/KWF/Segmented_Foldered/Audio Moth 4/55000_59999/Audio_Moth_4_20250319_110403.wav,not_meaningful
Audio_Moth_1_20250320_032833.wav,/Users/qian/KWF/Segmented_Foldered/Audio Moth 1/75000_79999/Audio_Moth_1_20250320_032833.wav,meaningful
Audio_Moth_2_20250321_040332.wav,/Users/qian/KWF/Segmented_Foldered/Audio Moth 2/105000_109999/Audio_Moth_2_20250321_040332.wav,meaningful
Audio_Moth_3_20250320_015120.wav,/Users/qian/KWF/Segmented_Foldered/Audio Moth 3/20000_24999/Audio_Moth_3_20250320_015120.wav,not_meaningful
Audio_Moth_3_20250320_051320.wav,/Users/qian/KWF/Segmented_Foldered/Audio Moth 3/25000_29999/Audio_Moth_3_20250320_051320.wav,not_meaningful
Audio_Moth_3_20250320_031508.wav,/Users/qian/KWF/Segmented_Foldered/Audio Moth 3/20000_24999/Audio_Moth_3_20250320_031508.wav,not_meaningful
Audio_Moth_1_20250317_194821.wav,/Users/qian/KWF/Segmented_Foldered/Audio Moth 1/10000_14999/Audio_Moth_1_20250317_194821.wav,meaningful
Audio_Moth_3_20250319_135619.wav,/Users/qian/KWF/Segmented_Foldered/Audio Moth 3/5000_9999/Audio_Moth_3_20250319_135619.wav,not_meaningful
Audio_Moth_1_20250319_075012.wav,/Users/qian/KWF/Segmented_Foldered/Audio Moth 1/55000_59999/Audio_Moth_1_20250319_075012.wav,meaningful
Audio_Moth_3_20250320_104016.wav,/Users/qian/KWF/Segmented_Foldered/Audio Moth 3/30000_34999/Audio_Moth_3_20250320_104016.wav,not_meaningful
Audio_Moth_3_20250319_082431.wav,/Users/qian/KWF/Segmented_Foldered/Audio Moth 3/0_4999/Audio_Moth_3_20250319_082431.wav,not_meaningful
Audio_Moth_4_20250318_064943.wav,/Users/qian/KWF/Segmented_Foldered/Audio Moth 4/20000_24999/Audio_Moth_4_20250318_064943.wav,meaningful
Audio_Moth_3_20250320_030605.wav,/Users/qian/KWF/Segmented_Foldered/Audio Moth 3/20000_24999/Audio_Moth_3_20250320_030605.wav,not_meaningful
Audio_Moth_3_20250320_091843.wav,/Users/qian/KWF/Segmented_Foldered/Audio Moth 3/30000_34999/Audio_Moth_3_20250320_091843.wav,not_meaningful
Audio_Moth_3_20250320_011944.wav,/Users/qian/KWF/Segmented_Foldered/Audio Moth 3/20000_24999/Audio_Moth_3_20250320_011944.wav,not_meaningful
Audio_Moth_3_20250321_044911.wav,/Users/qian/KWF/Segmented_Foldered/Audio Moth 3/50000_54999/Audio_Moth_3_20250321_044911.wav,not_meaningful
Audio_Moth_3_20250321_045859.wav,/Users/qian/KWF/Segmented_Foldered/Audio Moth 3/50000_54999/Audio_Moth_3_20250321_045859.wav,not_meaningful
Audio_Moth_3_20250320_080646.wav,/Users/qian/KWF/Segmented_Foldered/Audio Moth 3/25000_29999/Audio_Moth_3_20250320_080646.wav,not_meaningful
Audio_Moth_6_20250317_170917.wav,/Users/qian/KWF/Segmented_Foldered/Audio Moth 6/5000_9999/Audio_Moth_6_20250317_170917.wav,not_meaningful
Audio_Moth_2_20250317_170818.wav,/Users/qian/KWF/Segmented_Foldered/Audio Moth 2/5000_9999/Audio_Moth_2_20250317_170818.wav,not_meaningful
Audio_Moth_3_20250321_042126.wav,/Users/qian/KWF/Segmented_Foldered/Audio Moth 3/50000_54999/Audio_Moth_3_20250321_042126.wav,not_meaningful
Audio_Moth_2_20250317_165121.wav,/Users/qian/KWF/Segmented_Foldered/Audio Moth 2/5000_9999/Audio_Moth_2_20250317_165121.wav,not_meaningful
Audio_Moth_3_20250319_080840.wav,/Users/qian/KWF/Segmented_Foldered/Audio Moth 3/0_4999/Audio_Moth_3_20250319_080840.wav,not_meaningful
Audio_Moth_2_20250320_054741.wav,/Users/qian/KWF/Segmented_Foldered/Audio Moth 2/80000_84999/Audio_Moth_2_20250320_054741.wav,meaningful
Audio_Moth_3_20250321_045353.wav,/Users/qian/KWF/Segmented_Foldered/Audio Moth 3/50000_54999/Audio_Moth_3_20250321_045353.wav,not_meaningful
Audio_Moth_3_20250320_031644.wav,/Users/qian/KWF/Segmented_Foldered/Audio Moth 3/20000_24999/Audio_Moth_3_20250320_031644.wav,not_meaningful
Audio_Moth_3_20250320_051738.wav,/Users/qian/KWF/Segmented_Foldered/Audio Moth 3/25000_29999/Audio_Moth_3_20250320_051738.wav,not_meaningful
Audio_Moth_3_20250320_082740.wav,/Users/qian/KWF/Segmented_Foldered/Audio Moth 3/25000_29999/Audio_Moth_3_20250320_082740.wav,not_meaningful
Audio_Moth_3_20250320_003647.wav,/Users/qian/KWF/Segmented_Foldered/Audio Moth 3/15000_19999/Audio_Moth_3_20250320_003647.wav,not_meaningful
Audio_Moth_3_20250320_130637.wav,/Users/qian/KWF/Segmented_Foldered/Audio Moth 3/30000_34999/Audio_Moth_3_20250320_130637.wav,not_meaningful
Audio_Moth_3_20250319_103640.wav,/Users/qian/KWF/Segmented_Foldered/Audio Moth 3/0_4999/Audio_Moth_3_20250319_103640.wav,not_meaningful
Audio_Moth_1_20250320_035239.wav,/Users/qian/KWF/Segmented_Foldered/Audio Moth 1/75000_79999/Audio_Moth_1_20250320_035239.wav,meaningful
Audio_Moth_3_20250320_025653.wav,/Users/qian/KWF/Segmented_Foldered/Audio Moth 3/20000_24999/Audio_Moth_3_20250320_025653.wav,not_meaningful
Audio_Moth_3_20250320_005323.wav,/Users/qian/KWF/Segmented_Foldered/Audio Moth 3/20000_24999/Audio_Moth_3_20250320_005323.wav,not_meaningful
Audio_Moth_3_20250321_035838.wav,/Users/qian/KWF/Segmented_Foldered/Audio Moth 3/50000_54999/Audio_Moth_3_20250321_035838.wav,not_meaningful
Audio_Moth_3_20250320_031220.wav,/Users/qian/KWF/Segmented_Foldered/Audio Moth 3/20000_24999/Audio_Moth_3_20250320_031220.wav,not_meaningful
Audio_Moth_3_20250320_034905.wav,/Users/qian/KWF/Segmented_Foldered/Audio Moth 3/20000_24999/Audio_Moth_3_20250320_034905.wav,not_meaningful
Audio_Moth_3_20250320_083234.wav,/Users/qian/KWF/Segmented_Foldered/Audio Moth 3/25000_29999/Audio_Moth_3_20250320_083234.wav,not_meaningful
Audio_Moth_6_20250321_110759.wav,/Users/qian/KWF/Segmented_Foldered/Audio Moth 6/110000_114999/Audio_Moth_6_20250321_110759.wav,not_meaningful
Audio_Moth_1_20250317_094657.wav,/Users/qian/KWF/Segmented_Foldered/Audio Moth 1/0_4999/Audio_Moth_1_20250317_094657.wav,not_meaningful
Audio_Moth_2_20250317_170521.wav,/Users/qian/KWF/Segmented_Foldered/Audio Moth 2/5000_9999/Audio_Moth_2_20250317_170521.wav,not_meaningful
Audio_Moth_3_20250320_071058.wav,/Users/qian/KWF/Segmented_Foldered/Audio Moth 3/25000_29999/Audio_Moth_3_20250320_071058.wav,not_meaningful
Audio_Moth_3_20250321_050935.wav,/Users/qian/KWF/Segmented_Foldered/Audio Moth 3/50000_54999/Audio_Moth_3_20250321_050935.wav,not_meaningful
Audio_Moth_2_20250321_024744.wav,/Users/qian/KWF/Segmented_Foldered/Audio Moth 2/105000_109999/Audio_Moth_2_20250321_024744.wav,meaningful
Audio_Moth_2_20250317_170833.wav,/Users/qian/KWF/Segmented_Foldered/Audio Moth 2/5000_9999/Audio_Moth_2_20250317_170833.wav,not_meaningful
Audio_Moth_3_20250320_082652.wav,/Users/qian/KWF/Segmented_Foldered/Audio Moth 3/25000_29999/Audio_Moth_3_20250320_082652.wav,not_meaningful
Audio_Moth_3_20250320_100740.wav,/Users/qian/KWF/Segmented_Foldered/Audio Moth 3/30000_34999/Audio_Moth_3_20250320_100740.wav,not_meaningful
Audio_Moth_3_20250320_024717.wav,/Users/qian/KWF/Segmented_Foldered/Audio Moth 3/20000_24999/Audio_Moth_3_20250320_024717.wav,not_meaningful
Audio_Moth_3_20250320_013011.wav,/Users/qian/KWF/Segmented_Foldered/Audio Moth 3/20000_24999/Audio_Moth_3_20250320_013011.wav,not_meaningful
Audio_Moth_3_20250320_050735.wav,/Users/qian/KWF/Segmented_Foldered/Audio Moth 3/25000_29999/Audio_Moth_3_20250320_050735.wav,not_meaningful
Audio_Moth_3_20250320_021302.wav,/Users/qian/KWF/Segmented_Foldered/Audio Moth 3/20000_24999/Audio_Moth_3_20250320_021302.wav,not_meaningful
Audio_Moth_3_20250319_095604.wav,/Users/qian/KWF/Segmented_Foldered/Audio Moth 3/0_4999/Audio_Moth_3_20250319_095604.wav,not_meaningful
Audio_Moth_3_20250320_013741.wav,/Users/qian/KWF/Segmented_Foldered/Audio Moth 3/20000_24999/Audio_Moth_3_20250320_013741.wav,not_meaningful
Audio_Moth_3_20250320_015002.wav,/Users/qian/KWF/Segmented_Foldered/Audio Moth 3/20000_24999/Audio_Moth_3_20250320_015002.wav,not_meaningful
Audio_Moth_3_20250320_105207.wav,/Users/qian/KWF/Segmented_Foldered/Audio Moth 3/30000_34999/Audio_Moth_3_20250320_105207.wav,not_meaningful
Audio_Moth_3_20250320_043453.wav,/Users/qian/KWF/Segmented_Foldered/Audio Moth 3/20000_24999/Audio_Moth_3_20250320_043453.wav,not_meaningful
Audio_Moth_3_20250320_005850.wav,/Users/qian/KWF/Segmented_Foldered/Audio Moth 3/20000_24999/Audio_Moth_3_20250320_005850.wav,not_meaningful
Audio_Moth_3_20250320_050544.wav,/Users/qian/KWF/Segmented_Foldered/Audio Moth 3/25000_29999/Audio_Moth_3_20250320_050544.wav,not_meaningful
Audio_Moth_2_20250319_012056.wav,/Users/qian/KWF/Segmented_Foldered/Audio Moth 2/45000_49999/Audio_Moth_2_20250319_012056.wav,meaningful
Audio_Moth_3_20250320_130755.wav,/Users/qian/KWF/Segmented_Foldered/Audio Moth 3/30000_34999/Audio_Moth_3_20250320_130755.wav,not_meaningful
Audio_Moth_3_20250320_103249.wav,/Users/qian/KWF/Segmented_Foldered/Audio Moth 3/30000_34999/Audio_Moth_3_20250320_103249.wav,not_meaningful
